age,annual_income,credit_score,loan_amount,default,marital_status_Married,marital_status_Single,education_level_High School,education_level_Master,education_level_PhD,age_group_Middle-Aged,age_group_Senior
0.2272086816408232,-0.5770606581914481,-1.3051341590441838,0.11912351923401687,0,0,1,0,0,1,1,0
0.7275458812413632,-0.41887679960264806,-0.8774708246587264,0.17433720138188102,0,0,1,0,0,0,0,1
0.9499179699527144,0.049108163366471586,0.6445075124189311,0.06390983708615273,1,1,0,0,0,0,0,1
-0.773465717560257,0.054111393198638925,0.19168751130491732,0.7043885500013768,1,1,0,0,0,0,1,0
-1.551768028049986,-1.5305229799948157,-0.10390332275561949,-0.626261189762149,0,1,0,1,0,0,0,0
0.39398774817433657,-2.036610393068503,1.4935450145077072,-0.7753381315613822,1,1,0,0,0,0,0,1
1.3390691251975788,1.8940572189593756,-1.5881466597404426,1.8859613479656694,0,0,0,0,1,0,0,1
-0.3287215401375546,0.5633312357339905,0.7262666792867392,-0.33362867437846905,0,1,0,1,0,0,1,0
1.4502551695532544,-0.741798278132363,-1.2107966588120977,-0.8415945501388191,0,0,1,1,0,0,0,1
-1.6629540724056615,-0.2795101383659741,-0.8837599913408655,0.3786278253289783,0,0,0,0,1,0,0,0
0.17161565946298543,0.8705412899196342,-0.5567233238696333,0.058388468871366325,0,0,0,0,0,0,1,0
-0.8846517619159325,-1.4816092192333372,0.6759533458296265,-0.46062014331855655,0,1,0,1,0,0,0,0
-1.7185470945834993,-1.9066448408698227,-1.701351660018946,-0.8581586547831783,0,1,0,0,0,1,0,0
0.060429615107309854,-0.7583464893299487,-1.2925558256799057,0.10255941458965764,0,0,1,1,0,0,1,0
-1.4961750058721481,-0.6831293311483503,0.4621216786368978,-0.5544834029699256,1,0,1,0,1,0,0,0
-1.2182098949829592,0.4344582180724727,0.29231417821914263,0.6933458135718039,0,0,1,0,1,0,0,0
-0.1619424736040413,2.4394816831298325,-0.3428916566769046,1.7037561968777177,0,0,1,1,0,0,1,0
-0.21753549578187906,-1.7863042222863221,1.3111591807256737,-0.6317825579769354,1,0,1,0,0,1,1,0
0.282801703818661,0.9498873787444762,-1.3617366591834357,0.19090130602624025,0,0,1,0,0,0,1,0
-0.8846517619159325,0.9266744864288907,-1.3617366591834357,-0.38332098831154676,0,1,0,0,1,0,0,0
1.1722900586640654,-0.22088898582599198,1.2734241806328392,0.1246448874488033,1,0,0,0,0,0,0,1
0.9499179699527144,0.5449873278592364,-1.4749416594619391,0.8424227553710371,0,0,1,1,0,0,0,1
-0.050756429248365716,-1.506132364280939,0.1287958444835265,-0.8857654958571104,1,0,1,0,0,0,1,0
-0.1619424736040413,0.03076054578573155,-1.386893325911992,-0.3557141472376147,0,1,0,0,1,0,1,0
-0.495500606671068,-0.7141708175078321,-1.5189658262369128,-0.4882269843924886,0,0,1,1,0,0,1,0
-0.8290587397380947,0.022655536254105137,-1.078724158487177,-0.7366885540578773,0,0,1,0,0,0,0,0
-1.1626168728051214,1.627439279705499,-0.09761415607348041,0.9307646468076197,0,0,0,0,0,0,0,0
0.783138903419201,-1.1906746126931531,1.028146680029415,-0.3501927790228283,1,0,1,0,1,0,0,1
-0.8290587397380947,0.3867292690574444,1.4683883477791508,-0.41092782938547884,1,1,0,0,1,0,0,0
0.39398774817433657,-0.4827536731419084,1.644485014879045,-0.6041757169030033,1,0,1,0,0,0,0,1
-0.9402447840937702,0.09965816165193968,1.3929183475934817,0.19642267424102666,1,0,1,0,1,0,0,0
1.0055109921305523,0.4319824023562161,1.2168216804935874,0.21298677888538592,1,1,0,0,0,0,0,1
1.56144121390893,0.1924623656213013,0.1287958444835265,0.11360215101923046,1,1,0,0,1,0,0,1
-0.1619424736040413,-0.7039682284841666,1.1476408469900576,-0.21767994186795436,0,0,1,0,0,1,1,0
-0.773465717560257,1.5094906825834948,-1.1416158253085678,-0.44957740688898373,0,1,0,0,0,0,1,0
-0.495500606671068,0.8244889755433198,0.41809751186192423,0.6491748678535126,0,0,1,1,0,0,1,0
0.00483659292947207,2.638718683081201,-1.2799774923156275,12.636065262154817,1,0,1,0,0,0,1,0
-0.6066866510267436,0.7489800978846398,1.5312800146005416,0.09151667816008481,1,0,1,1,0,0,1,0
-0.1063494514262035,0.022655536254105137,1.575304181375515,0.08047394173051198,1,1,0,0,1,0,1,0
-1.551768028049986,1.051069674543253,-1.5818574930583036,1.1792262164730083,0,0,1,0,0,0,0,0
-0.995837806271608,0.022655536254105137,-0.9780974915729518,-0.4882269843924886,0,0,1,0,1,0,0,0
0.11602263728514764,-1.2259469561304823,0.6570858457832093,-0.4385346704594109,0,0,1,0,0,0,1,0
0.00483659292947207,0.022655536254105137,1.2797133473149782,0.10808078280444405,0,1,0,0,0,0,1,0
1.1722900586640654,0.3837967877971662,-1.317712492408462,-0.6152184533325762,0,0,1,1,0,0,0,1
-0.21753549578187906,-1.7004458679159644,-0.4372291569089908,-1.0072355965824116,0,0,1,0,1,0,1,0
-0.050756429248365716,-1.7583310393426512,1.6193283481504888,-0.8360731819240327,0,0,0,0,1,0,1,0
0.3383947259964988,-0.3092494653502397,0.9967008466187197,0.3951919299733376,1,0,0,1,0,0,0,1
1.06110401430839,0.43524198368225525,0.38036251176908975,0.35102098425504624,0,0,0,0,0,0,0,1
1.56144121390893,-1.1444833631568305,0.870917512975938,-0.17903036436444947,1,1,0,0,0,0,0,1
0.783138903419201,-0.014834763129076754,0.23571167807989088,-0.46062014331855655,1,0,1,0,0,0,0,1
1.06110401430839,0.8746006408471647,-1.3051341590441838,-0.28393636044539133,0,1,0,1,0,0,0,1
-1.3849889615164725,0.689176053069213,1.3677616808649253,0.9307646468076197,0,1,0,0,0,0,0,0
-1.0514308284494458,-0.8528542440216149,-1.1353266586264288,-0.00786794970607064,0,1,0,0,0,0,0,0
-1.2182098949829592,0.6150067204442702,-0.6699283241481367,-0.2508081511566729,0,1,0,0,0,0,0,0
-1.3293959393386348,1.7568375605208444,-1.3617366591834357,-0.4716628797481294,1,0,1,0,0,0,0,0
0.11602263728514764,0.6779578412330707,-0.0347224892520896,1.1019270614659986,0,1,0,0,1,0,1,0
0.6163598368856877,-1.9302949442160113,-0.770554991062362,-0.813987709064887,1,1,0,0,1,0,0,1
0.282801703818661,-0.6075046709203149,-1.147904991990707,-0.30602183330453697,0,1,0,1,0,0,1,0
1.1722900586640654,-0.47077954018036633,-0.6321933240553023,-0.7974236044205278,0,0,1,1,0,0,0,1
1.3946621473754166,-0.7713319691639442,-1.3617366591834357,0.025260259582647843,0,1,0,0,0,0,0,1
0.3383947259964988,-0.933047298945293,-1.2988449923620449,-0.786380867990955,0,0,1,0,0,0,0,1
-0.2731285179597169,0.5704025638590721,-0.9466516581622564,0.25715772460367725,0,0,1,0,0,0,1,0
-1.774140116761337,1.4975202683342879,-0.7391091576516666,1.5822860961524166,0,0,1,1,0,0,0,0
1.5058481917310922,-1.3509418066577314,1.260845847268561,-0.720124449413518,1,0,1,0,1,0,0,1
1.0055109921305523,-1.2414287475309909,-1.1227483252621506,-0.8471159183536056,0,1,0,0,1,0,0,1
-0.3843145623153924,0.4764555816884215,1.487255847825568,0.30685003853675497,1,0,1,0,0,1,1,0
-0.4399075844932302,-0.9669466535497869,-0.3932049901340172,-0.4164491976002653,1,0,1,0,0,0,1,0
-0.3843145623153924,-2.036610393068503,-0.44980749027326894,-1.012756964797198,0,1,0,0,1,0,1,0
1.3946621473754166,-0.4608815729729003,0.5187241787761495,-0.09068847292786684,1,0,0,0,1,0,0,1
1.06110401430839,-0.6233492247077047,1.2042433471293092,-0.19559446900880872,1,0,1,0,1,0,0,1
0.6163598368856877,0.022655536254105137,-0.05358998929850684,1.1019270614659986,0,0,0,0,1,0,0,1
-0.3843145623153924,-0.14013695546704025,-0.996964991619369,0.01973889136786143,0,0,0,1,0,0,1,0
-1.551768028049986,0.8577826730038784,0.6948208458760438,-0.21215857365316795,1,0,1,0,0,0,0,0
1.56144121390893,-2.036610393068503,1.1161950135793621,-0.9188937051458289,1,1,0,1,0,0,0,1
-0.21753549578187906,1.9070546025084627,-1.3051341590441838,-0.22320131008274077,0,0,1,0,0,0,1,0
-1.774140116761337,0.07678129908980841,-0.24855415644481835,0.6933458135718039,0,1,0,1,0,0,0,0
-1.551768028049986,-0.9262302014629603,0.14137417784780465,-0.25632951937145926,0,0,1,0,1,0,0,0
0.39398774817433657,1.6210657089825689,-0.38691582345187814,0.9528501196667654,0,0,1,0,0,0,0,1
-0.4399075844932302,0.28810986404084704,-0.996964991619369,-0.7035603447691587,0,1,0,0,1,0,1,0
-1.3849889615164725,-1.3771464094573127,1.1476408469900576,-0.466141511533343,1,0,1,1,0,0,0,0
0.3383947259964988,0.1782377951277099,-0.7516874910159448,0.014217523153075015,0,0,1,0,0,0,0,1
-0.7178726953824192,1.5337730936271994,-0.2799999898555138,-0.5820902440438577,0,0,1,0,0,0,1,0
-1.3293959393386348,0.4313613153758326,-1.7139299933832242,-0.7146030811987316,0,1,0,0,0,0,0,0
0.6163598368856877,0.022655536254105137,0.003012510840744883,0.2074654106705995,0,1,0,1,0,0,0,1
-0.8290587397380947,1.2733139989291182,-0.5755908239160505,0.47249108498034736,0,1,0,0,0,0,0,0
-0.5510936288489058,0.5282487722321566,-1.7265083267475023,0.494576557839493,0,0,0,1,0,0,1,0
-0.495500606671068,0.2640957967520566,0.78915834610813,-0.2728936240158185,1,0,1,0,0,0,1,0
-0.6066866510267436,0.505335072444544,-1.0913024918514551,-0.41092782938547884,0,1,0,1,0,0,1,0
1.6170342360867678,0.7982194935341429,0.5501700121868449,0.4669697167655609,0,0,1,1,0,0,0,1
-1.0514308284494458,-1.899455772463023,-0.7768441577445011,-1.012756964797198,1,1,0,1,0,0,0,0
0.00483659292947207,1.9278459565166122,1.5501475146469588,0.8258586507266779,1,1,0,1,0,0,1,0
0.44958077035217436,-2.036610393068503,1.021857513347276,-1.0237997012267708,1,1,0,1,0,0,0,1
-1.273802917160797,-0.7752015608399705,-1.1353266586264288,-0.8471159183536056,0,1,0,0,0,0,0,0
0.17161565946298543,0.7241219278585107,0.12250667780138742,-0.6980389765543724,1,1,0,0,0,0,1,0
0.00483659292947207,-0.2749433228848992,-1.695062493336807,-0.3557141472376147,0,1,0,0,0,0,1,0
1.3946621473754166,-2.036610393068503,1.3803400142292035,-0.9575432826493339,1,0,1,0,0,0,0,1
1.5058481917310922,1.7057428243963384,1.0470141800758324,1.493944204715834,1,1,0,0,0,0,0,1
0.11602263728514764,0.22447514802473312,-0.6196149906910241,0.5277047671282115,1,0,1,0,1,0,1,0
-1.6073610502278237,1.6284347047744094,0.6067725123260966,-0.25632951937145926,1,0,0,0,1,0,0,0
0.783138903419201,1.2253441941643424,-0.7957116577909183,-0.3391500425932555,1,0,1,1,0,0,0,1
1.1166970364862279,-1.1090914846325588,-0.32402415663048734,-0.11829531400179892,1,1,0,1,0,0,0,1
-1.4405819836943103,0.6100027694579935,-1.6510383265618334,0.2516363563888908,0,1,0,1,0,0,0,0
-1.273802917160797,-0.29193136729233315,-0.3303133233126264,0.37310645711419194,0,0,0,1,0,0,0,0
-0.3843145623153924,-0.28256052526871833,0.05332584429785753,0.0473457324417935,0,1,0,0,0,0,1,0
0.11602263728514764,-0.3346721617949871,-1.0284108250300643,-0.44957740688898373,0,1,0,0,1,0,1,0
0.9499179699527144,2.1231098914029936,1.5501475146469588,-0.4882269843924886,1,1,0,1,0,0,0,1
-1.6629540724056615,-0.22340643281943756,-0.4309399902268517,-0.21215857365316795,0,0,1,1,0,0,0,0
0.6163598368856877,-0.6198618758901177,0.5250133454582886,0.15777309673752177,0,0,1,0,0,1,0,1
-1.3849889615164725,0.5943627919705501,-0.34918082335904366,-0.6041757169030033,0,1,0,0,0,0,0,0
1.6170342360867678,-1.4042457113833353,1.638195848196906,-0.9133723369310425,1,0,1,0,0,0,0,1
1.1722900586640654,-0.8356537381556661,0.4998566787297323,-0.23424404651231362,1,0,0,0,1,0,0,1
0.282801703818661,-2.036610393068503,-0.688795824194554,-0.9023296005014697,0,0,1,0,0,0,1,0
0.00483659292947207,0.03626650413635071,-0.6825066575124149,-0.5434406665403528,0,0,0,1,0,0,1,0
0.00483659292947207,1.496560993817014,0.4243866785440633,0.6050039221352213,1,1,0,0,0,0,1,0
-1.6629540724056615,0.23305566892616297,1.5941716814219324,0.14120899209316254,1,1,0,0,0,0,0,0
0.00483659292947207,0.022655536254105137,-0.3051566565840701,-0.14590215507573098,0,0,1,1,0,0,1,0
-0.050756429248365716,-0.7704539462165617,0.5879050122796794,-0.8305518137092464,0,1,0,1,0,0,1,0
-0.050756429248365716,-0.03868232236437285,-1.6007249931047207,0.17433720138188102,0,0,1,1,0,0,1,0
0.3383947259964988,0.2088832299569134,-1.3365799924548794,0.627089394994367,0,1,0,0,0,0,0,1
0.17161565946298543,0.3103176912523077,0.638218345736792,-0.5655261393994985,1,0,1,0,0,0,1,0
1.6170342360867678,-1.8609933975925599,-1.1416158253085678,-1.0348424376563436,0,0,1,0,0,0,0,1
-1.0514308284494458,-1.9424512203234612,-1.0535674917586206,-0.8912868640718968,0,0,0,0,0,0,0,0
0.9499179699527144,0.7697996550063262,0.8583391796116598,0.5663543446317164,0,1,0,0,1,0,0,1
0.44958077035217436,0.9402674975015484,0.7451341793331564,0.9031578057336876,1,0,0,0,0,0,0,1
0.2272086816408232,0.9843244980954075,-1.0661458251228988,1.239961266835659,0,0,1,1,0,0,1,0
0.8943249477748766,0.10415058823299661,-0.5944583239624678,-0.14590215507573098,0,0,1,0,0,0,0,1
0.6163598368856877,0.07213931572044971,0.6948208458760438,-0.34467141080804187,1,0,1,0,0,0,0,1
1.2278830808419032,1.2839014632907948,0.6193508456903748,1.0025424335998432,0,0,1,1,0,0,0,1
1.4502551695532544,-0.23396237202120787,-0.009565822523533279,0.16881583316709461,1,1,0,1,0,0,0,1
-1.6073610502278237,-0.8339257913797812,-0.29257832321979194,0.08047394173051198,0,0,1,0,0,0,0,0
0.39398774817433657,-0.38158886153851646,0.009301677522883963,0.3399782478254734,0,0,1,1,0,0,0,1
0.7275458812413632,1.2859433700141303,-1.2799774923156275,0.5663543446317164,0,1,0,0,0,0,0,1
0.060429615107309854,-1.3375120004837424,1.1350625136257795,-0.2673722558010321,0,0,1,0,1,0,1,0
-0.050756429248365716,0.8079738258350868,-1.3428691591370183,-0.653868030836081,0,0,1,0,0,1,1,0
1.3946621473754166,-0.5875666313909497,-0.12277082280203673,-0.44957740688898373,0,0,0,0,0,0,0,1
1.4502551695532544,0.4565323105761016,-1.695062493336807,-0.466141511533343,0,0,1,1,0,0,0,1
-0.9402447840937702,-0.8503027645311008,-0.5818799905981896,-0.5489620347551392,0,1,0,0,0,0,0,0
-0.8846517619159325,-0.802002916367958,-0.4623858236375471,-0.8636800229979648,0,0,1,0,0,0,0,0
0.5051737925300122,-0.3240198405599883,1.6822200149718796,-0.02443205435042988,0,0,1,0,1,0,0,1
0.56076681470785,0.4974236380451022,-0.6259041573731632,-0.653868030836081,0,1,0,1,0,0,0,1
0.11602263728514764,-0.7705331424233408,-1.3680258258655746,-0.14590215507573098,0,0,1,0,0,1,1,0
-1.1070238506272836,-1.2363896695951504,-1.3680258258655746,-0.6317825579769354,0,0,1,0,0,0,0,0
-0.050756429248365716,0.7368122187920276,0.38665167845122883,-0.6759535036952267,1,0,1,0,0,0,1,0
0.5051737925300122,-0.6604450410616114,-0.44980749027326894,-0.8415945501388191,1,1,0,1,0,0,0,1
-0.1619424736040413,-0.2624390103724054,-0.04730082261636776,0.38967056175855114,0,1,0,0,0,1,1,0
0.3383947259964988,-0.6179964480692574,-0.14163832284845398,-0.2784149922306049,0,0,1,0,1,0,0,1
-0.050756429248365716,0.8968435766503251,0.31118167826555987,-0.25632951937145926,1,1,0,0,1,0,1,0
0.11602263728514764,0.6186188693021841,-0.009565822523533279,1.0908843250364257,0,0,0,1,0,0,1,0
0.17161565946298543,0.7781291923665681,-1.4309174926869657,0.5221833989134251,0,0,1,1,0,0,1,0
-0.995837806271608,-0.9623282916909957,-1.6447491598796944,-0.3501927790228283,0,1,0,0,0,0,0,0
1.3390691251975788,-0.47101685430207707,0.6885316791939047,-0.6041757169030033,1,1,0,1,0,0,0,1
0.8943249477748766,1.300735758057872,0.952676679843746,0.7706449685788137,0,0,0,1,0,0,0,1
1.3946621473754166,1.4355631273022547,1.5438583479648198,-0.16246625972009024,0,1,0,1,0,0,0,1
-0.21753549578187906,-0.6796300242984996,-1.2045074921299586,-0.7753381315613822,0,0,1,0,1,0,1,0
1.06110401430839,-0.46506249172922726,1.2168216804935874,-0.7090817129839452,0,0,1,0,0,1,0,1
-0.050756429248365716,0.022655536254105137,0.11621751111924834,-0.43301330224462453,1,0,1,1,0,0,1,0
0.6719528590635255,0.3082607153619965,1.0658816801222495,0.21298677888538592,1,0,0,0,0,0,0,1
-0.5510936288489058,2.638718683081201,-0.14163832284845398,1.0632774839624937,0,0,1,0,1,0,1,0
1.1166970364862279,0.7374372095376175,-0.688795824194554,0.6326107632091533,1,1,0,0,1,0,0,1
1.3946621473754166,-0.011122794186285069,1.3111591807256737,0.5166620306986387,1,1,0,0,0,0,0,1
1.3390691251975788,-0.5017499290560749,-0.2045299896698448,-0.7311671858430908,0,0,1,0,1,0,0,1
-0.050756429248365716,1.2664816606459903,0.14137417784780465,-0.21215857365316795,0,1,0,0,1,0,1,0
1.3946621473754166,0.45041357992256603,1.0595925134401105,0.22402951531495874,1,0,1,0,1,0,0,1
1.06110401430839,-0.813509922454155,1.2797133473149782,-0.8636800229979648,1,1,0,0,1,0,0,1
-0.2731285179597169,0.14525531734210023,0.9023633463866334,0.2516363563888908,1,1,0,0,0,0,1,0
1.6170342360867678,0.14319658500611732,0.8646283462937989,0.13568762387837613,1,0,1,0,0,0,0,1
1.4502551695532544,-1.0629683061341473,-1.6510383265618334,-0.49374835260727507,0,1,0,1,0,0,0,1
-0.3843145623153924,-1.734144900242359,0.631929179054653,-0.7532526587022366,1,1,0,1,0,0,1,0
0.44958077035217436,-1.4425124175705923,0.47470001200117595,-0.8636800229979648,0,1,0,0,0,0,0,1
-0.2731285179597169,0.3485698350684769,0.07848251102641385,0.09151667816008481,0,0,1,0,0,1,1,0
-1.6629540724056615,-1.2420928917850345,1.487255847825568,-0.7974236044205278,1,0,0,0,0,0,0,0
0.00483659292947207,0.022655536254105137,0.9652550132080242,-0.5544834029699256,0,1,0,0,1,0,1,0
-1.7185470945834993,-0.5751465341830198,-0.0347224892520896,0.22402951531495874,0,0,1,0,1,0,0,0
1.3946621473754166,1.7220403366472008,-1.3491583258191575,0.2019440424558131,0,1,0,1,0,0,0,1
-1.1070238506272836,0.6463019345751322,-1.0661458251228988,0.4448842439064153,0,1,0,0,0,0,0,0
1.6170342360867678,-1.5664066841195787,0.6256400123725139,-0.9133723369310425,1,0,0,0,0,0,0,1
-1.4405819836943103,1.9562224718179737,0.04703667761571845,1.5988502007967758,1,1,0,0,0,0,0,0
0.3383947259964988,-0.2508915686782813,-0.4057833234982954,0.13568762387837613,0,1,0,0,0,0,0,1
0.8943249477748766,1.0858272225140844,1.3048700140435345,1.1792262164730083,1,0,1,0,1,0,0,1
-0.3843145623153924,-1.9884090752616213,-0.298867489901931,-0.7256458176283045,0,0,0,0,0,0,1,0
-0.773465717560257,0.9002383674623422,-1.5755683263761644,-0.4716628797481294,0,1,0,0,1,0,1,0
-0.8290587397380947,0.9015202465657478,1.6633525149254622,0.9086791739484741,1,0,1,0,1,0,0,0
-0.050756429248365716,-0.38947182450420464,0.556459178868984,-0.8305518137092464,0,1,0,0,1,0,1,0
1.5058481917310922,0.07874223454923153,1.4620991810970116,0.5829184492760756,1,0,1,1,0,0,0,1
0.282801703818661,0.2185393439057545,0.009301677522883963,-0.06308163185393478,0,1,0,1,0,0,1,0
-0.2731285179597169,-0.6490197319831116,0.15395251121208284,-0.32810730616368267,1,1,0,0,1,0,1,0
-1.551768028049986,-1.108014162081837,0.19168751130491732,-0.4882269843924886,0,0,1,1,0,0,0,0
1.4502551695532544,1.8695698456051468,-0.9089166580694218,-0.2618508875862457,0,0,1,0,0,1,0,1
-1.0514308284494458,0.24789320839883555,1.575304181375515,-0.17903036436444947,1,0,1,0,0,0,0,0
-1.1626168728051214,0.022655536254105137,0.9086525130687725,-0.6593893990508675,1,0,0,0,0,0,0,0
-0.050756429248365716,-0.6934183469694887,0.7765800127438518,-0.6759535036952267,0,1,0,0,0,0,1,0
-1.1070238506272836,0.8623284658160977,-0.09132498939134133,0.07495257351572557,0,0,1,1,0,0,0,0
0.7275458812413632,-0.5386948051360894,-0.2296866563984011,-0.12381668221658533,0,1,0,0,1,0,0,1
-0.5510936288489058,-0.27712541956741826,-0.7579766576980839,0.14120899209316254,0,1,0,0,0,0,1,0
0.39398774817433657,-0.5987996152229814,-0.12905998948417582,0.22955088352974515,0,1,0,0,0,0,0,1
0.00483659292947207,-1.2179318544843534,1.6256175148326277,-0.946500546219761,1,0,0,0,0,1,1,0
0.8943249477748766,0.8543687851151887,1.5249908479184024,0.8258586507266779,0,0,1,1,0,0,0,1
-0.495500606671068,0.8159600681278666,-0.31773498994834826,0.5111406624838523,0,0,1,0,0,0,1,0
-0.1063494514262035,-0.9458703476661933,0.9338091797973288,-0.12933805043137175,0,0,1,1,0,0,1,0
0.44958077035217436,0.3807916553438641,0.6193508456903748,-0.08516710471308044,1,0,1,0,1,0,0,1
1.1722900586640654,1.264658542147491,-0.34918082335904366,-0.30602183330453697,0,0,1,0,0,0,0,1
-1.7185470945834993,0.44126592561260813,-0.8774708246587264,-0.1514235232905174,0,1,0,1,0,0,0,0
-0.21753549578187906,0.022037857932896674,1.2734241806328392,-0.018910686135643468,0,0,1,0,0,0,1,0
0.6719528590635255,-0.4892389765497718,-1.7139299933832242,-0.6207398215473626,0,1,0,0,0,0,0,1
1.56144121390893,0.27325023432988405,1.1602191803543358,0.7761663367936001,1,0,1,0,1,0,0,1
1.3946621473754166,1.304552486893037,-0.996964991619369,-0.6041757169030033,0,0,1,0,0,0,0,1
0.00483659292947207,1.3205573027143034,-1.078724158487177,0.2074654106705995,0,1,0,0,0,0,1,0
0.00483659292947207,-0.745233331851434,0.78915834610813,-0.25632951937145926,1,0,1,1,0,0,1,0
-1.0514308284494458,0.022655536254105137,1.6885091816540185,0.27372182924803645,0,1,0,1,0,0,0,0
0.8387319255970388,-0.6709010215666867,1.0470141800758324,-0.046517527209575533,1,1,0,1,0,0,0,1
0.5051737925300122,0.09685589352435013,-0.14163832284845398,-0.1514235232905174,1,0,1,0,0,0,0,1
0.8943249477748766,0.022655536254105137,0.3677841784048116,-0.9244150733606153,0,0,1,0,1,0,0,1
-1.774140116761337,-0.12900745744352135,0.7388450126510173,-0.06308163185393478,1,0,1,0,1,0,0,0
-1.0514308284494458,0.4111196218380444,-0.4938316570482425,-0.29497909687496415,1,0,0,1,0,0,0,0
-0.5510936288489058,0.3867344854939866,-1.5818574930583036,0.3786278253289783,0,0,1,0,0,0,1,0
0.6163598368856877,-0.4483123290089149,0.19168751130491732,-0.3888423565263332,1,1,0,0,0,0,0,1
-0.1619424736040413,-0.5471685418933059,-0.9906758249372299,0.21298677888538592,1,0,1,0,0,0,1,0
-1.774140116761337,-0.701658331057705,1.5187016812362635,-0.1127739457870125,1,1,0,0,0,0,0,0
0.9499179699527144,2.638718683081201,-0.08503582270920225,1.0467133793181345,1,1,0,1,0,0,0,1
0.00483659292947207,-1.9189623874386788,0.07219334434427477,-0.8912868640718968,0,1,0,1,0,0,1,0
1.6170342360867678,0.7295468249922706,-0.41836165686257354,-0.6483466626212947,0,1,0,1,0,0,0,1
1.06110401430839,0.46903235090356205,1.2168216804935874,0.21298677888538592,1,0,1,0,1,0,0,1
-0.1063494514262035,-1.5374836114712374,1.2419783472221437,-0.7642953951318093,1,1,0,1,0,0,1,0
-0.8290587397380947,1.2735342823687654,1.0029900133008587,0.7706449685788137,0,0,1,0,0,0,0,0
0.2272086816408232,-0.1503379356121038,-0.04101165593422868,0.3786278253289783,0,0,1,1,0,0,1,0
0.17161565946298543,0.7206879730089891,-1.078724158487177,0.7651236003640273,0,1,0,0,1,0,1,0
0.56076681470785,1.247483692131586,-0.996964991619369,1.1184911661103578,0,0,1,0,0,0,0,1
0.00483659292947207,-1.6873160937868132,-0.02843332256995052,-0.9906714919380523,1,1,0,0,1,0,1,0
-1.7185470945834993,2.284054050059379,-0.6950849908766931,1.6761493558037857,0,0,1,0,0,1,0,0
1.5058481917310922,-0.8717259937544721,-1.0095433249836472,-0.8747227594275376,0,0,1,0,0,1,0,1
1.4502551695532544,-1.0986746879924443,1.097327513532945,-0.8857654958571104,1,1,0,1,0,0,0,1
-0.495500606671068,0.022655536254105137,-1.5000983261904954,-0.6373039261917218,0,1,0,0,1,0,1,0
-0.4399075844932302,-0.4141306847338285,1.021857513347276,0.19642267424102666,1,0,1,1,0,0,1,0
-1.7185470945834993,1.6915085767548133,-0.5001208237303816,1.747927142596009,0,0,1,0,1,0,0,0
-0.773465717560257,-1.59939624240448,-0.531566657141077,-0.8802441276423241,0,0,1,0,0,0,1,0
-0.9402447840937702,-1.7458009075355645,-1.5189658262369128,-0.6373039261917218,0,1,0,0,0,0,0,0
1.1722900586640654,1.0914857868210366,-1.6321708265154162,0.2516363563888908,0,0,1,1,0,0,0,1
0.6719528590635255,-2.036610393068503,0.2734466781727254,-0.8305518137092464,0,0,1,0,0,0,0,1
1.3390691251975788,-2.036610393068503,-0.5818799905981896,-0.8415945501388191,0,1,0,0,0,0,0,1
0.17161565946298543,-1.4085136273962997,1.631906681514767,-0.33362867437846905,1,1,0,1,0,0,1,0
0.060429615107309854,-1.266451247241132,0.7828691794259909,-0.8471159183536056,1,0,1,0,0,0,1,0
0.6719528590635255,-1.8998886860947228,0.27973584485486447,-0.9630646508641202,0,1,0,0,0,0,0,1
-1.1070238506272836,-0.1382530181201243,1.2985808473613956,-0.6207398215473626,1,0,1,1,0,0,0,0
0.3383947259964988,0.7375379575322719,-0.34918082335904366,-0.2508081511566729,0,0,1,0,0,1,0,1
-1.6629540724056615,-0.31875459462776734,1.260845847268561,0.14120899209316254,1,1,0,0,1,0,0,0
-0.1619424736040413,0.46584146583793895,-0.5944583239624678,0.6215680267795806,0,0,1,0,0,0,1,0
-1.4961750058721481,0.3783215345932057,-0.7579766576980839,0.8258586507266779,0,0,1,0,1,0,0,0
-0.995837806271608,0.2822147694242143,0.7262666792867392,-0.44957740688898373,1,0,1,1,0,0,0,0
0.8943249477748766,0.4481967327212363,-0.11019248943775857,0.47249108498034736,0,0,1,0,0,0,0,1
0.44958077035217436,-1.0957995954974007,1.2168216804935874,-0.5876116122586441,1,1,0,1,0,0,0,1
0.8943249477748766,-0.4389141031430273,-0.09761415607348041,-0.5544834029699256,0,0,1,0,0,0,0,1
0.00483659292947207,-0.7275727433679976,1.2734241806328392,-0.018910686135643468,1,1,0,0,0,0,1,0
1.06110401430839,0.22789233195601158,-1.2485316589049322,0.10808078280444405,0,0,1,0,0,0,0,1
-0.995837806271608,2.638718683081201,-0.5189883237767988,20.91811758433444,1,1,0,0,1,0,0,0
-1.774140116761337,-0.105432880931362,1.6759308482897404,-0.41092782938547884,1,0,1,0,1,0,0,0
-1.6629540724056615,0.4789581528465283,1.5375691812826806,-0.30602183330453697,1,1,0,0,0,0,0,0
1.283476103019741,0.9316436605675185,0.34891667835839435,-0.10173120935743968,0,0,1,0,0,1,0,1
-1.6073610502278237,0.6019633132240425,-0.764265824380223,0.5663543446317164,0,0,1,0,0,0,0,0
-0.995837806271608,-0.07700805926825843,-1.0409891583943425,0.26820046103325007,0,1,0,0,1,0,0,0
1.5058481917310922,1.8149444728891837,-0.3932049901340172,0.4669697167655609,0,1,0,0,0,0,0,1
1.4502551695532544,-0.12783927594000047,1.2168216804935874,-0.18455173257923588,1,0,1,1,0,0,0,1
0.9499179699527144,-0.5606759697505788,0.7514233460152955,0.23507225174453156,0,1,0,1,0,0,0,1
-1.1626168728051214,1.4380402325647106,-1.317712492408462,1.36143136756096,0,1,0,1,0,0,0,0
0.5051737925300122,0.4064671026794175,0.24200084476202996,-0.06860300006872119,1,0,1,0,0,0,0,1
0.44958077035217436,0.022655536254105137,-1.4434958260512438,-0.34467141080804187,0,0,1,1,0,0,0,1
1.4502551695532544,-0.0016934924953984785,-1.6384599931975552,-0.626261189762149,0,0,1,0,1,0,0,1
-1.4961750058721481,0.1289965411317631,-0.8900491580230045,0.08047394173051198,0,0,1,0,0,0,0,0
-0.3843145623153924,1.1263467594286047,-0.5441449905053551,0.2792431974628229,0,0,1,1,0,0,1,0
-0.8290587397380947,0.225138286110376,1.1350625136257795,-0.05756026363914837,1,0,1,0,0,0,0,0
-1.3293959393386348,-0.2970189670584576,1.2922916806792564,0.27372182924803645,1,1,0,0,0,0,0,0
-1.1070238506272836,-0.7310208837456148,0.9338091797973288,-0.10173120935743968,0,0,1,0,0,0,0,0
1.2278830808419032,0.6148115189070853,-0.4372291569089908,0.38414919354376476,0,0,1,0,1,0,0,1
-0.1619424736040413,0.6824741792780769,0.5879050122796794,0.8865937010893284,1,1,0,0,1,0,1,0
0.8387319255970388,1.2341764807965676,-0.12905998948417582,0.9914996971702703,0,0,0,1,0,0,0,1
-0.8846517619159325,-1.6724230986516866,-0.8900491580230045,-0.6096970851177897,0,1,0,0,0,0,0,0
0.6163598368856877,1.049488679799111,-0.7391091576516666,1.1019270614659986,0,1,0,0,1,0,0,1
-0.3843145623153924,-0.0014735355186194575,1.5501475146469588,-0.7366885540578773,1,0,0,0,0,0,1,0
0.6719528590635255,-0.9277829704188479,0.41809751186192423,-0.20111583722359513,1,0,1,1,0,0,0,1
-0.9402447840937702,0.022655536254105137,1.2105325138114484,0.04182436422700708,1,0,1,0,0,0,0,0
1.56144121390893,-0.26236119084257603,0.9338091797973288,-0.06308163185393478,1,0,0,1,0,0,0,1
-0.3287215401375546,-0.7275514205121014,-0.846024991248031,-0.23424404651231362,0,1,0,0,1,0,1,0
0.17161565946298543,-0.3227623103214787,0.028169177569301207,-0.5489620347551392,0,1,0,0,0,0,1,0
1.5058481917310922,-1.2225876021733584,-1.5818574930583036,-0.9630646508641202,0,1,0,0,0,0,0,1
-0.495500606671068,0.19781313886128243,-1.072434991805038,0.23507225174453156,0,0,1,0,0,0,1,0
0.00483659292947207,0.4220764115247352,0.9149416797509116,0.2902859338923957,1,1,0,0,0,1,1,0
-0.5510936288489058,1.5595897609083944,-1.6321708265154162,1.1792262164730083,0,0,1,0,0,0,1,0
1.56144121390893,0.7268629074380644,-1.695062493336807,0.6215680267795806,0,1,0,0,0,0,0,1
1.1722900586640654,0.7863495473588914,1.6822200149718796,1.1957903211173675,1,0,1,0,0,0,0,1
0.8943249477748766,-0.5119231392381052,1.4935450145077072,-0.40540646117069246,1,1,0,0,0,0,0,1
-1.1626168728051214,0.5675441489428711,1.411785847639899,0.9638928560963382,0,0,0,0,0,0,0,0
-0.9402447840937702,2.2711583648577407,-1.7327974934296415,1.786576720099514,0,0,1,0,1,0,0,0
1.1166970364862279,-0.25598954611377606,0.4998566787297323,-0.399885092955906,0,1,0,0,0,0,0,1
-0.21753549578187906,-0.6510533930553901,-1.1919291587656804,-0.029953422565216294,0,0,1,1,0,0,1,0
-0.1063494514262035,0.8731243137780583,-0.9089166580694218,1.1295339025399307,0,0,1,0,0,1,1,0
-1.774140116761337,0.4232432471056459,0.7702908460617127,-0.30602183330453697,0,0,1,0,1,0,0,0
-0.7178726953824192,1.1486018431704499,0.7828691794259909,-0.046517527209575533,1,1,0,0,0,1,1,0
0.2272086816408232,0.5494519464152051,1.6759308482897404,0.7043885500013768,1,1,0,0,0,0,1,0
1.3946621473754166,-1.8855150546971695,-0.2674216564912356,-0.8360731819240327,0,0,0,1,0,0,0,1
-0.21753549578187906,0.9121309703531676,-1.0472783250764817,0.5994825539204349,0,0,1,0,0,1,1,0
0.6163598368856877,-0.5354742713007568,-1.3743149925477138,0.13568762387837613,0,1,0,0,1,0,0,1
0.8387319255970388,-0.37955124228647197,-0.4938316570482425,0.008696154938288602,0,0,1,1,0,0,0,1
-1.4961750058721481,-0.6830224960832219,0.6067725123260966,-0.13485941864615816,1,1,0,0,0,0,0,0
1.5058481917310922,-0.6606553733642941,-1.7265083267475023,0.08047394173051198,0,0,0,0,1,0,0,1
-0.7178726953824192,-0.7765730950148865,-1.4686524927798001,-0.08516710471308044,0,1,0,0,1,0,1,0
0.8943249477748766,-1.3806707205892914,0.021880010887162127,-0.37227825188197394,0,1,0,0,0,0,0,1
-0.4399075844932302,0.7219456213532011,-0.1353491561663149,0.10808078280444405,0,0,1,0,0,0,1,0
-1.4405819836943103,0.4469813058454934,0.22313334471561272,0.56083297641693,1,0,1,0,0,1,0,0
-1.3849889615164725,0.0544706242583601,-0.8523141579301701,0.08047394173051198,0,0,1,1,0,0,0,0
-0.5510936288489058,1.9356904846545748,-1.6573274932439725,1.239961266835659,0,0,0,0,0,1,1,0
-1.0514308284494458,1.1333774332242266,-1.0913024918514551,0.5000979260542794,0,0,1,0,0,0,0,0
0.8943249477748766,-0.3632560751015208,0.27973584485486447,-0.6869962401247995,1,0,1,0,0,0,0,1
-0.3843145623153924,0.4084661015155947,0.9400983464794679,-0.28393636044539133,1,0,0,0,0,1,1,0
0.00483659292947207,-0.22381790312548125,-1.5189658262369128,-0.32258593794889623,0,0,0,0,0,1,1,0
-0.773465717560257,1.179820392727779,1.5878825147397932,1.466337363641902,1,0,1,1,0,0,1,0
0.783138903419201,-0.5513407979089302,0.952676679843746,-0.05203889542436195,1,1,0,1,0,0,0,1
-0.6622796732045814,0.10853876686677233,-0.1982408229877057,-0.7422099222726637,0,0,1,0,1,0,1,0
1.4502551695532544,-0.33127562743996725,-1.1227483252621506,-0.16246625972009024,0,1,0,0,1,0,0,1
-0.2731285179597169,0.4629259408174858,0.5375916788225668,0.13016625566358972,1,0,1,0,1,0,1,0
0.11602263728514764,1.904777684512397,0.8520500129295208,1.4332091543531833,1,0,1,0,1,0,1,0
1.3946621473754166,0.6650147537558999,-0.3114458232662092,0.6105252903500077,0,0,1,0,0,0,0,1
0.56076681470785,0.27389332411979617,0.6130616790082357,0.4835338214099202,1,0,0,0,1,0,0,1
1.2278830808419032,0.3626761252891812,-1.0913024918514551,-0.05203889542436195,0,0,1,0,0,0,0,1
1.0055109921305523,-1.671071416459093,-0.8837599913408655,-0.8636800229979648,0,0,0,0,0,0,0,1
1.5058481917310922,0.06664507221873608,1.2231108471757266,0.22402951531495874,1,0,1,0,0,0,0,1
-0.3287215401375546,-1.633611922655791,1.418075014322038,-0.5655261393994985,0,0,1,0,0,0,1,0
0.6719528590635255,0.3516994178613057,-1.60701415978686,-0.013389317920857053,0,0,1,0,1,0,0,1
0.783138903419201,1.4253384956069735,-0.7579766576980839,0.014217523153075015,1,1,0,0,0,0,0,1
-1.774140116761337,0.4464165714950788,-0.5504341571874942,0.26820046103325007,0,1,0,1,0,0,0,0
1.2278830808419032,-1.647510287029641,-0.8082899911551965,-0.786380867990955,0,0,1,0,0,0,0,1
-0.4399075844932302,-1.3786400101378269,1.575304181375515,-0.5268765618959935,1,1,0,1,0,0,1,0
-0.2731285179597169,-0.8242413135676734,-1.160483325354985,0.0859953099452984,0,1,0,1,0,0,1,0
-0.8846517619159325,-0.1670431089879906,-0.17308415625914939,-0.18455173257923588,0,0,1,0,0,0,0,0
1.2278830808419032,0.5646478702593832,-1.53783332628333,-0.7035603447691587,0,0,1,1,0,0,0,1
-0.8290587397380947,0.22295302369826375,1.411785847639899,0.4835338214099202,1,0,1,0,0,0,0,0
-0.3287215401375546,-0.646210034900634,0.10992834443710926,-0.0741243682835076,0,0,1,1,0,0,1,0
-0.995837806271608,0.022655536254105137,0.8646283462937989,0.13568762387837613,0,1,0,1,0,0,0,0
0.2272086816408232,0.23374958580235125,1.2419783472221437,0.21850814710017233,1,1,0,0,0,0,1,0
-1.7185470945834993,-0.2209076700007101,-1.2296641588585149,-0.16246625972009024,0,0,1,0,0,0,0,0
-1.273802917160797,-0.5091703511895541,1.4746775144612898,0.11912351923401687,0,1,0,0,1,0,0,0
-1.551768028049986,-2.036610393068503,-0.5630124905517724,-0.8692013912127512,0,0,1,0,1,0,0,0
1.5058481917310922,-0.18119159217320002,-0.9529408248443955,0.29580730210718215,0,1,0,0,0,0,0,1
-0.9402447840937702,1.4517737880138828,0.38036251176908975,0.5718757128465028,0,0,1,0,0,0,0,0
0.6719528590635255,1.8022527528849497,-1.7579541601581978,0.6326107632091533,0,0,1,0,0,0,0,1
1.1166970364862279,1.045573233194757,1.254556680586422,0.058388468871366325,1,0,0,0,0,0,0,1
-1.2182098949829592,-0.4263078588383132,0.9086525130687725,-0.7477312904874501,1,1,0,0,1,0,0,0
0.44958077035217436,2.638718683081201,-1.770532493522476,0.5939611857056485,0,0,1,0,0,0,0,1
-1.551768028049986,0.16299019419285313,-0.5126991570946597,-0.3005004650897506,0,0,1,1,0,0,0,0
0.8387319255970388,-0.16484018148962978,-0.35546999004118274,0.35102098425504624,0,0,1,0,0,0,0,1
-0.6622796732045814,0.19220260263821018,0.4621216786368978,0.4504056121212017,0,0,1,0,0,0,1,0
1.283476103019741,-0.7681275250211489,1.2985808473613956,0.0473457324417935,1,0,1,1,0,0,0,1
0.8387319255970388,-0.16386124421209033,0.4872783453654541,-0.06308163185393478,1,1,0,1,0,0,0,1
-1.4405819836943103,0.060587529506211484,-1.5252549929190518,-0.22872267829752718,0,0,1,1,0,0,0,0
-0.050756429248365716,-1.2258374006670238,1.3992075142756208,-0.6980389765543724,1,0,0,0,0,0,1,0
1.4502551695532544,0.6731307170902566,1.0344358467115542,0.5718757128465028,1,1,0,0,0,0,0,1
1.1166970364862279,-0.051621650205661646,1.5690150146933761,-0.00786794970607064,1,1,0,0,0,0,0,1
0.6163598368856877,0.5332887948422993,1.0533033467579713,-0.06308163185393478,1,1,0,0,1,0,0,1
1.06110401430839,-0.20450324896896788,-1.4057608259584093,0.38414919354376476,0,0,1,1,0,0,0,1
-0.8290587397380947,0.8352372816155311,-1.4372066593691046,-0.2618508875862457,0,0,0,0,0,0,0,0
1.1722900586640654,-0.8380363241204926,0.3929408451333679,-0.43301330224462453,0,0,1,0,0,1,0,1
0.00483659292947207,0.3106244295477981,-0.4309399902268517,-0.040996158994789124,0,0,0,1,0,0,1,0
-0.2731285179597169,0.20575162822032161,-0.11019248943775857,-0.3391500425932555,0,1,0,1,0,0,1,0
0.9499179699527144,1.1054370745000415,-1.4686524927798001,1.2068330575469404,0,1,0,0,1,0,0,1
-0.21753549578187906,1.294654253679871,1.021857513347276,1.1184911661103578,1,1,0,1,0,0,1,0
-1.774140116761337,-2.036610393068503,0.6570858457832093,-0.852637286568392,0,0,1,1,0,0,0,0
0.11602263728514764,-0.6435385615493227,-1.770532493522476,-0.013389317920857053,1,0,1,1,0,0,1,0
-1.4405819836943103,0.6549496176978955,1.6822200149718796,0.04182436422700708,1,1,0,0,1,0,0,0
1.56144121390893,-1.5874138582202013,1.2860025139971174,-0.9796287555084795,1,1,0,0,0,0,0,1
-1.6073610502278237,0.5450976552384167,-1.3491583258191575,0.6878244453570175,0,1,0,0,0,0,0,0
0.5051737925300122,-0.017500121072503455,0.17910917794063916,-0.22872267829752718,0,0,1,0,1,0,0,1
0.3383947259964988,1.0293831226459405,-1.4183391593226875,-0.399885092955906,1,0,1,1,0,0,0,1
0.3383947259964988,-0.8779298379612916,-1.1416158253085678,-0.6759535036952267,0,0,1,0,0,0,0,1
-0.4399075844932302,0.2561680256620374,-0.16050582289487123,0.7596022321492409,1,0,1,1,0,0,1,0
-1.551768028049986,-0.15991991072912684,-1.166772492037124,0.4559269803359881,0,1,0,1,0,0,0,0
-0.773465717560257,0.8725150902114487,0.6570858457832093,-0.6649107672656539,1,0,1,0,0,0,1,0
1.1166970364862279,0.21070634857584677,-0.7516874910159448,0.7485594957196681,0,0,1,0,0,0,0,1
-0.6622796732045814,0.3687484226937868,-0.9906758249372299,0.6160466585647941,0,0,0,0,0,0,1,0
0.11602263728514764,0.6235865682842054,1.6759308482897404,0.9142005421632605,1,0,1,0,0,0,1,0
0.56076681470785,0.08266014582931168,-0.7453983243338057,-0.23976541472710003,0,0,1,1,0,0,0,1
1.3946621473754166,0.566840059214014,1.4935450145077072,-0.30602183330453697,1,1,0,0,0,0,0,1
-1.4405819836943103,0.11677263154031366,1.1476408469900576,0.26820046103325007,1,1,0,1,0,0,0,0
0.7275458812413632,0.5646543499491068,1.0847491801686668,0.494576557839493,1,1,0,0,1,0,0,1
-0.495500606671068,-0.020297332109950345,-1.3051341590441838,-0.22320131008274077,0,1,0,0,0,0,1,0
1.3390691251975788,0.7317405538320453,-0.6321933240553023,0.11360215101923046,0,0,1,0,0,1,0,1
0.00483659292947207,-2.036610393068503,0.23571167807989088,-0.8636800229979648,1,0,1,0,0,0,1,0
-0.2731285179597169,0.023273214575313027,-1.770532493522476,-0.7753381315613822,0,0,1,0,0,0,1,0
0.7275458812413632,-1.3724042243685544,0.78915834610813,-0.4274919340298381,1,0,1,0,0,0,0,1
-0.6622796732045814,0.022655536254105137,0.6822425125117656,0.22955088352974515,0,0,0,0,0,1,1,0
0.5051737925300122,-0.9879232731944383,0.12250667780138742,-0.8305518137092464,0,1,0,0,0,0,0,1
1.6170342360867678,-2.036610393068503,-1.0095433249836472,-0.786380867990955,0,0,1,0,0,0,0,1
0.3383947259964988,-0.2746815075680509,-1.1416158253085678,-0.45509877510377017,0,0,1,0,0,0,0,1
1.3946621473754166,-0.9097863283575313,-1.4434958260512438,-0.5931329804734305,0,0,1,0,0,1,0,1
0.44958077035217436,0.7558018210696762,-0.3680483234054609,0.8645082282301827,0,0,1,0,0,0,0,1
0.9499179699527144,-0.7457077647340622,-1.4057608259584093,0.0473457324417935,0,0,0,0,0,1,0,1
0.8387319255970388,0.6877906951518136,-0.5064099904125207,-0.32258593794889623,0,0,0,0,1,0,0,1
-0.2731285179597169,0.022655536254105137,-0.02214415588781144,0.47249108498034736,0,1,0,0,0,1,1,0
1.1166970364862279,2.3552546609348513,-1.5567008263297473,1.5436365186489116,0,0,1,1,0,0,0,1
1.2278830808419032,-0.9884241912424463,0.4243866785440633,-0.23976541472710003,1,0,0,0,1,0,0,1
1.5058481917310922,1.3944057224219684,0.8206041795188254,-0.09068847292786684,1,1,0,0,0,0,0,1
-0.1619424736040413,0.022655536254105137,-1.1353266586264288,1.1902689529025812,0,1,0,0,1,0,1,0
-1.273802917160797,-1.4330734461674834,1.6193283481504888,-0.6980389765543724,0,0,0,1,0,0,0,0
-0.5510936288489058,0.392829692347822,1.0910383468508058,0.06390983708615273,1,1,0,0,1,0,1,0
0.00483659292947207,-1.4567541843107403,0.9904116799365806,-0.6980389765543724,1,1,0,1,0,0,1,0
-1.2182098949829592,0.8342527568732314,-1.6761949932903897,0.5166620306986387,0,1,0,0,1,0,0,0
1.1166970364862279,-0.1709755580440243,-1.078724158487177,0.01973889136786143,0,0,1,0,1,0,0,1
1.6170342360867678,0.3747596600463272,-0.5252774904589379,0.627089394994367,1,0,1,0,0,0,0,1
-1.1070238506272836,1.7310021893725402,-0.5567233238696333,0.5111406624838523,1,1,0,1,0,0,0,0
0.6163598368856877,0.5352104770546255,1.4683883477791508,0.5718757128465028,1,0,1,0,0,0,0,1
1.6170342360867678,-1.5663232302129886,-1.0975916585335943,-0.9299364415754018,0,0,1,0,1,0,0,1
0.6719528590635255,-2.036610393068503,0.7325558459688782,-1.0237997012267708,1,0,0,1,0,0,0,1
0.00483659292947207,0.42593050080783146,0.7702908460617127,-0.39436372474111964,0,0,1,0,0,0,1,0
1.56144121390893,0.43236363545869555,0.9589658465258851,0.34549961604025986,1,1,0,0,0,1,0,1
-1.1626168728051214,-1.7600541067115845,0.5941941789618185,-0.6041757169030033,0,0,0,1,0,0,0,0
-0.495500606671068,-0.7937679067770524,-1.2296641588585149,-0.399885092955906,0,1,0,0,0,0,1,0
-1.3293959393386348,-0.7104348834754804,1.191665013765031,-0.560004771184712,1,1,0,0,0,0,0,0
0.00483659292947207,0.1881556130114843,1.6633525149254622,0.04182436422700708,1,0,1,1,0,0,1,0
-1.3849889615164725,-0.6797745181092362,1.4620991810970116,-0.8636800229979648,1,1,0,0,0,0,0,0
1.1166970364862279,-0.328971315711765,-0.846024991248031,0.3786278253289783,0,1,0,0,0,0,0,1
0.6163598368856877,-0.33424359590395686,-0.38062665676973906,-0.6152184533325762,0,0,1,0,0,0,0,1
-1.774140116761337,-0.7412099010485718,-0.29257832321979194,0.09703804637487122,0,1,0,0,0,0,0,0
-1.4961750058721481,-0.7727491657822272,0.7325558459688782,-0.06860300006872119,0,1,0,1,0,0,0,0
0.00483659292947207,-1.4028096924595355,1.1853758470828921,-0.7642953951318093,1,1,0,0,0,1,1,0
1.06110401430839,1.1338043577362127,-0.15421665621273214,-0.20663720543838154,0,0,1,1,0,0,0,1
0.783138903419201,-1.6399203236615973,-1.5000983261904954,-0.8415945501388191,0,0,1,0,0,1,0,1
0.2272086816408232,-0.6242602305059071,1.3300266807720909,-0.46062014331855655,0,0,1,1,0,0,1,0
-0.7178726953824192,-1.3630708227016675,-0.5504341571874942,-0.7919022362057414,0,1,0,0,0,0,1,0
-0.8846517619159325,-0.029301671914257598,0.7199775126046001,0.5000979260542794,0,0,1,0,0,0,0,0
0.8387319255970388,0.4013817922751872,0.15395251121208284,0.19642267424102666,1,1,0,0,1,0,0,1
-1.273802917160797,-0.20200544617399327,1.3677616808649253,-0.2784149922306049,1,1,0,0,1,0,0,0
1.5058481917310922,0.10285084781216611,0.26715751149058625,-0.12933805043137175,0,0,0,1,0,0,0,1
0.282801703818661,0.022655536254105137,-0.17937332294128847,-0.1900731007940223,1,0,1,0,1,0,1,0
0.00483659292947207,-0.705369805513897,0.31118167826555987,-0.5213551936812071,0,1,0,0,0,1,1,0
-1.3849889615164725,0.8288405485590697,-0.5001208237303816,0.627089394994367,0,1,0,1,0,0,0,0
0.7275458812413632,-0.7940198583213497,-0.6259041573731632,-0.3888423565263332,0,0,1,0,0,0,0,1
-0.3287215401375546,-0.9340484218550753,1.631906681514767,-0.5710475076142848,0,0,1,1,0,0,1,0
-0.3843145623153924,-2.036610393068503,-0.9655191582086736,-1.0348424376563436,0,0,1,0,0,0,1,0
-1.1626168728051214,-0.4681987490819419,0.9275200131151897,0.025260259582647843,0,0,1,0,0,1,0,0
1.3390691251975788,-0.680454910817121,0.5061458454118714,-0.3888423565263332,1,1,0,1,0,0,0,1
-1.7185470945834993,-0.3597825894101873,1.3488941808185082,-0.3391500425932555,1,1,0,1,0,0,0,0
-1.3849889615164725,-0.9740378894637491,-1.701351660018946,-0.32810730616368267,0,1,0,0,0,1,0,0
-0.21753549578187906,0.305588224696923,-0.5064099904125207,-0.653868030836081,0,0,1,1,0,0,1,0
0.44958077035217436,0.8728696156197591,-0.770554991062362,1.1129697978955713,0,0,0,0,0,1,0,1
1.56144121390893,0.022655536254105137,-0.6573499907838586,-0.30602183330453697,0,0,1,1,0,0,0,1
0.8387319255970388,0.16283863727289574,0.6256400123725139,0.7816877050083866,0,1,0,0,0,0,0,1
-1.7185470945834993,-0.44892587012188023,0.7325558459688782,-0.6428252944065083,1,1,0,0,0,1,0,0
-0.8846517619159325,0.8443685276904908,1.4558100144148725,0.7430381275048816,0,1,0,1,0,0,0,0
-1.551768028049986,0.26029196596236986,0.47470001200117595,-0.32258593794889623,1,1,0,0,0,0,0,0
-0.8846517619159325,1.6262274411164759,1.0910383468508058,0.720952654645736,1,0,1,0,0,0,0,0
-0.8290587397380947,-0.02610463971986738,-1.6133033264689989,-0.41092782938547884,1,1,0,1,0,0,0,0
-1.4405819836943103,-0.6809789757097562,1.644485014879045,-0.013389317920857053,1,1,0,0,1,0,0,0
-1.1070238506272836,-0.5937108428131314,-1.0409891583943425,0.16881583316709461,0,0,1,1,0,0,0,0
1.56144121390893,1.6604589270912748,1.1853758470828921,1.6871920922333583,0,0,0,0,0,0,0,1
-0.495500606671068,0.8678128674854718,-0.5126991570946597,0.36206372068461906,0,0,1,0,0,1,1,0
1.6170342360867678,2.0614435984892476,-1.3806041592298528,2.0074314486909706,0,1,0,0,1,0,0,1
-0.9402447840937702,0.825258164346372,0.12250667780138742,0.1246448874488033,1,0,0,0,0,0,0,0
1.6170342360867678,0.022655536254105137,-1.6007249931047207,-0.32810730616368267,0,1,0,0,1,0,0,1
1.0055109921305523,-0.36000883511312926,-1.3806041592298528,0.09151667816008481,0,1,0,0,1,0,0,1
0.7275458812413632,-0.0362424087579592,0.38665167845122883,0.33445687961068704,0,1,0,0,0,0,0,1
-0.7178726953824192,-0.44160185165215554,-0.21710832303412295,0.11912351923401687,0,0,0,0,1,0,1,0
-1.551768028049986,-2.0111077298802273,0.04703667761571845,-0.8250304454944599,0,0,1,0,0,0,0,0
1.1722900586640654,0.5997509468380601,1.3929183475934817,0.5111406624838523,1,0,1,1,0,0,0,1
0.39398774817433657,0.6935890709824625,-0.2799999898555138,-0.4164491976002653,0,1,0,1,0,0,0,1
-0.21753549578187906,-0.4533745473484775,0.13508501116566557,-0.3115432015193234,0,1,0,0,1,0,1,0
-0.9402447840937702,-1.108349178830523,-0.7579766576980839,-0.8912868640718968,0,0,1,0,1,0,0,0
-1.3849889615164725,-2.036610393068503,0.44954334527261963,-1.079013383374635,0,0,1,0,0,1,0,0
0.2272086816408232,-0.34115237328197223,1.0533033467579713,-0.3888423565263332,1,0,0,1,0,0,1,0
0.00483659292947207,0.16577577090795761,1.3614725141827864,0.5773970810612892,0,1,0,0,0,1,1,0
1.5058481917310922,-1.387051508980617,-1.1164591585800114,-0.4164491976002653,0,0,1,1,0,0,0,1
-1.3849889615164725,-0.25891849597930444,1.3488941808185082,0.23507225174453156,1,0,1,0,1,0,0,0
-1.774140116761337,0.6128329831177904,-1.3994716592762702,1.1019270614659986,0,0,0,0,0,0,0,0
-1.1626168728051214,1.05634718073949,0.7199775126046001,0.34549961604025986,0,0,1,0,0,0,0,0
-0.6066866510267436,0.022655536254105137,-0.07874665602706317,0.0473457324417935,0,1,0,0,0,0,1,0
-0.9402447840937702,1.6133118782851648,-0.7453983243338057,0.814815914297105,0,0,0,1,0,0,0,0
1.0055109921305523,-0.6610846134049718,-1.462363326097661,-0.7366885540578773,0,0,1,1,0,0,0,1
0.6719528590635255,0.4940180161150342,1.260845847268561,0.6050039221352213,1,0,0,0,0,0,0,1
1.6170342360867678,0.13937204156969354,-1.223374992176376,0.10808078280444405,0,1,0,0,1,0,0,1
0.00483659292947207,0.17256531777939377,1.0029900133008587,0.28476456567760927,1,1,0,1,0,0,1,0
-1.0514308284494458,-2.036610393068503,1.1224841802615013,-0.8029449726353143,1,0,1,0,0,0,0,0
-1.1626168728051214,-0.2510160030195795,-0.8082899911551965,-0.3501927790228283,1,0,1,1,0,0,0,0
0.11602263728514764,-0.4431294548438751,-0.996964991619369,0.34549961604025986,0,1,0,1,0,0,1,0
-0.773465717560257,-0.6846183255684893,-1.695062493336807,-0.8692013912127512,0,1,0,1,0,0,1,0
-1.6073610502278237,1.2156717603085379,-0.47496415700182526,0.6436534996387262,0,0,1,0,0,0,0,0
0.8943249477748766,-0.47452161844920754,-0.9780974915729518,-0.44957740688898373,1,0,1,1,0,0,0,1
0.783138903419201,-0.5319888915116203,-1.2988449923620449,-0.4882269843924886,0,1,0,0,1,0,0,1
0.9499179699527144,-0.7872472192607608,1.2671350139507,-0.2728936240158185,1,1,0,0,0,0,0,1
1.283476103019741,-0.8815681541767647,1.4746775144612898,-0.1569448915053038,0,1,0,0,1,0,0,1
1.1722900586640654,-0.36726277703921617,-1.619592493151138,-0.7035603447691587,0,1,0,1,0,0,0,1
0.6163598368856877,0.4436613616069459,-1.6761949932903897,-0.02443205435042988,0,1,0,0,0,0,0,1
1.56144121390893,-0.5397801564458802,0.8268933462009644,-0.692517608339586,1,0,1,1,0,0,0,1
1.3390691251975788,-0.45721934921985624,1.3300266807720909,-0.7808594997761685,1,0,1,0,0,0,0,1
1.1722900586640654,-0.6797869080172998,-0.8711816579765873,-0.5379192983255664,0,1,0,0,1,0,0,1
0.39398774817433657,1.5977505347419787,-1.0346999917122035,0.9307646468076197,0,1,0,1,0,0,0,1
-1.0514308284494458,0.11120844338728604,-0.8397358245658919,-0.16798762793487665,0,0,1,0,1,0,0,0
1.06110401430839,-0.5333545821990212,-0.34918082335904366,-0.7919022362057414,0,0,1,1,0,0,0,1
0.39398774817433657,-0.9876580270757674,0.9589658465258851,-0.5544834029699256,0,0,0,0,1,0,0,1
-0.8846517619159325,0.02608700884503062,1.5187016812362635,-0.49374835260727507,1,1,0,1,0,0,0,0
0.44958077035217436,0.2051309499662439,1.342605014136369,-0.30602183330453697,0,1,0,0,0,0,0,1
0.060429615107309854,2.0218728263929573,-0.6950849908766931,0.6381321314239398,1,1,0,1,0,0,1,0
1.5058481917310922,-0.5082790328556855,-0.19195165630556663,-0.12933805043137175,0,1,0,0,0,0,0,1
0.9499179699527144,-2.036610393068503,1.4746775144612898,-0.8360731819240327,1,1,0,0,0,0,0,1
-1.273802917160797,-0.5650564500891744,-1.0598566584407598,0.17985856959666743,0,0,1,0,0,0,0,0
-1.2182098949829592,1.3132810374505222,1.6696416816076014,1.14609800718429,1,0,1,0,0,0,0,0
0.39398774817433657,-0.6039234812502464,-1.5881466597404426,-0.09068847292786684,0,0,1,0,1,0,0,1
0.00483659292947207,0.5655593544922277,0.003012510840744883,0.19642267424102666,1,0,1,1,0,0,1,0
-0.3287215401375546,1.5845675056758568,1.1853758470828921,1.521551045789766,0,1,0,1,0,0,1,0
-0.4399075844932302,0.18325823757870993,0.43696501190834147,0.058388468871366325,0,0,1,1,0,0,1,0
-0.4399075844932302,-0.021771698497356086,0.7765800127438518,-0.3115432015193234,0,0,0,0,0,1,1,0
-1.7185470945834993,-0.5994955122334582,-1.6573274932439725,-0.6483466626212947,0,0,1,0,0,1,0,0
1.3390691251975788,-0.4330666749479208,0.795447512790269,-0.17350899614966306,1,0,1,1,0,0,0,1
-0.9402447840937702,1.0040651039747048,0.9778333465723024,0.7043885500013768,1,1,0,1,0,0,0,0
1.06110401430839,0.01706451730321388,0.9967008466187197,0.627089394994367,1,0,1,0,0,0,0,1
0.17161565946298543,0.9029754143630365,-0.34918082335904366,1.0135851700294158,0,0,1,0,1,0,1,0
-0.773465717560257,-0.3914137035526963,-1.5189658262369128,-0.20111583722359513,0,0,1,1,0,0,1,0
0.17161565946298543,0.8658938896052646,-0.8523141579301701,0.7706449685788137,0,0,1,0,1,0,1,0
-1.1626168728051214,-1.264806786863553,-0.14163832284845398,-0.9685860190789066,1,0,1,1,0,0,0,0
0.9499179699527144,0.45106202244239274,1.575304181375515,0.3399782478254734,0,0,1,0,0,0,0,1
-0.9402447840937702,-1.6053510241857416,-0.7957116577909183,-0.8415945501388191,0,0,1,0,1,0,0,0
0.00483659292947207,-1.6476428320375502,-0.9026274913872827,-0.692517608339586,0,0,0,0,0,0,1,0
-1.1070238506272836,-0.4577829815824165,-0.9214949914337001,0.2074654106705995,0,0,1,1,0,0,0,0
0.5051737925300122,2.4639367364047557,0.9338091797973288,-0.25632951937145926,1,0,1,0,1,0,0,1
0.783138903419201,-1.2734332009702645,-0.3114458232662092,-0.786380867990955,0,0,0,1,0,0,0,1
-0.773465717560257,0.9444625078207469,-0.3743374900876,0.881072332874542,0,0,0,0,0,0,1,0
0.39398774817433657,1.5318344528903742,0.08477167770855293,-0.5489620347551392,1,0,1,0,0,0,0,1
1.6170342360867678,-2.036610393068503,-0.9718083248908127,-1.029321069441557,0,1,0,1,0,0,0,1
-0.6066866510267436,-0.5224843619090586,1.3174483474078127,-0.22872267829752718,0,0,1,0,0,0,1,0
0.11602263728514764,0.7300818988818633,1.3677616808649253,0.8424227553710371,1,0,1,0,0,0,1,0
-1.3849889615164725,0.8597405046115225,0.6004833456439576,1.135055270754717,1,0,1,1,0,0,0,0
0.6163598368856877,0.3059203501815217,-0.41207249018043446,-0.7366885540578773,0,0,0,0,0,1,0,1
-1.551768028049986,2.638718683081201,-0.8020008244730574,1.173704848258222,0,1,0,0,0,0,0,0
-1.1626168728051214,0.7270417568388767,1.6193283481504888,0.2074654106705995,1,1,0,1,0,0,0,0
0.00483659292947207,-1.0268398806187027,-0.09132498939134133,-0.3115432015193234,0,0,1,0,0,0,1,0
1.0055109921305523,-2.036610393068503,1.4243641810041772,-0.9299364415754018,1,1,0,0,0,0,0,1
-1.7185470945834993,0.2489415251600796,-0.7579766576980839,-0.7311671858430908,0,0,1,1,0,0,0,0
1.6170342360867678,-0.34005096575958993,-0.5126991570946597,0.25715772460367725,0,0,0,1,0,0,0,1
1.6170342360867678,0.23444657193596413,-0.6573499907838586,-0.0741243682835076,1,0,1,0,0,0,0,1
0.8943249477748766,0.17053901855227815,1.5501475146469588,-0.45509877510377017,1,1,0,1,0,0,0,1
-0.9402447840937702,0.583928691644023,1.6256175148326277,0.4559269803359881,1,1,0,1,0,0,0,0
0.8943249477748766,0.8738320884109808,-1.072434991805038,0.8534654918006099,1,0,1,0,1,0,0,1
0.2272086816408232,-0.6030999760347311,-0.298867489901931,-0.5655261393994985,1,0,0,0,0,0,1,0
0.2272086816408232,-1.1509632679236703,-0.8397358245658919,-0.38332098831154676,0,1,0,0,1,0,1,0
1.1166970364862279,-0.7046539736599102,-1.5063874928726346,-0.6483466626212947,1,0,1,1,0,0,0,1
0.00483659292947207,-1.8896249796826798,0.34262751167625527,-1.029321069441557,1,0,1,0,0,1,1,0
-1.3849889615164725,0.6692434105686763,0.5816158455975403,0.9031578057336876,0,1,0,0,0,0,0,0
-1.4405819836943103,-1.2696710840877834,0.26715751149058625,-0.6041757169030033,0,0,1,1,0,0,0,0
0.7275458812413632,-0.8592553118718539,0.9023633463866334,-0.9133723369310425,1,0,0,1,0,0,0,1
-0.9402447840937702,0.022655536254105137,-0.9718083248908127,0.1246448874488033,0,0,0,0,1,0,0,0
-0.4399075844932302,-0.254538423076061,-0.5755908239160505,-0.28945772866017777,0,0,1,0,0,0,1,0
1.2278830808419032,-0.6196006227178709,1.0155683466651368,-0.013389317920857053,1,0,0,1,0,0,0,1
0.44958077035217436,0.2441777334496842,-0.5441449905053551,0.7651236003640273,0,1,0,0,0,1,0,1
1.3390691251975788,0.6372788676193303,-1.0913024918514551,-0.3170645697341098,0,0,1,0,0,1,0,1
1.56144121390893,1.8724782971506366,-1.531544159601191,0.7596022321492409,0,1,0,0,0,0,0,1
-0.6622796732045814,-1.1605978346050139,1.0092791799829979,-0.4716628797481294,1,0,1,1,0,0,1,0
1.6170342360867678,0.18452517493634224,-0.1667949895770103,0.003174786723502188,1,0,1,1,0,0,0,1
0.00483659292947207,0.07463282130312941,1.4369425143684553,0.09703804637487122,1,1,0,0,1,0,1,0
-0.5510936288489058,-0.5341139627768561,-0.7076633242409712,-0.08516710471308044,0,1,0,0,1,0,1,0
-0.2731285179597169,-0.47849786482397366,1.2797133473149782,-0.36675688366718756,1,0,1,1,0,0,1,0
0.8387319255970388,-1.3539017094782015,0.870917512975938,-0.3612355154524011,1,1,0,0,0,0,0,1
-0.5510936288489058,-0.17586070195033643,0.31747084494769895,-0.2618508875862457,0,0,1,0,0,0,1,0
0.56076681470785,0.6329292806610116,-0.05987915598064593,0.09703804637487122,0,1,0,1,0,0,0,1
-0.3287215401375546,-0.6851978049321457,0.40551917849764607,0.13016625566358972,1,1,0,0,0,0,1,0
1.0055109921305523,1.5249227304314354,1.2922916806792564,0.33445687961068704,1,1,0,1,0,0,0,1
-0.6066866510267436,0.3327223497325809,-0.8145791578373356,0.8092945460823187,0,0,1,1,0,0,1,0
-0.050756429248365716,-0.2668396726805268,-1.5189658262369128,-0.23976541472710003,0,0,1,1,0,0,1,0
-1.2182098949829592,0.8052162291168501,0.1979766779870564,-0.5047910890368479,1,0,1,0,0,0,0,0
-0.2731285179597169,-0.6860814116318968,0.37407334508695067,-0.7919022362057414,0,0,1,0,0,0,1,0
-0.6622796732045814,-0.20628534453085165,-0.6196149906910241,-0.17903036436444947,0,0,1,0,0,0,1,0
1.0055109921305523,2.638718683081201,-0.9843866582550909,2.0516023944092616,0,1,0,0,1,0,0,1
-0.9402447840937702,0.01110871046998413,0.5061458454118714,-0.1514235232905174,0,1,0,0,0,0,0,0
-0.2731285179597169,1.1131231603317542,1.2231108471757266,-0.6152184533325762,1,1,0,0,1,0,1,0
1.3946621473754166,0.0928721810195216,-0.9466516581622564,0.6326107632091533,0,0,0,1,0,0,0,1
1.1166970364862279,1.219292130692088,-0.1353491561663149,0.5553116082021435,0,0,1,0,0,0,0,1
0.00483659292947207,0.49880426359797236,-0.846024991248031,0.7154312864309496,0,0,1,1,0,0,1,0
-1.3293959393386348,-0.0840542044804827,-1.7265083267475023,-0.2784149922306049,0,0,1,0,1,0,0,0
-0.6622796732045814,-0.9578691677179297,0.8897850130223552,-0.8250304454944599,1,1,0,0,0,0,1,0
-1.6073610502278237,0.3968289445193322,-0.35546999004118274,-0.21767994186795436,0,0,1,1,0,0,0,0
1.4502551695532544,-0.9231874424240876,-1.2611099922692104,-0.692517608339586,0,0,1,0,0,0,0,1
-1.774140116761337,1.2888393230282709,-0.25484332312695746,1.5325937822193387,0,1,0,0,0,0,0,0
-0.6066866510267436,1.1697929563673526,-0.6573499907838586,0.3399782478254734,0,1,0,1,0,0,1,0
0.2272086816408232,-1.337599089550858,-0.05987915598064593,-0.8471159183536056,1,1,0,0,1,0,1,0
0.060429615107309854,1.0852482779106836,-0.7202416576052494,-0.06308163185393478,0,0,1,1,0,0,1,0
-0.495500606671068,-0.5062338994783617,0.638218345736792,-0.40540646117069246,1,0,1,0,1,0,1,0
0.11602263728514764,0.3248903260963296,-0.5944583239624678,-0.5931329804734305,0,0,1,0,0,0,1,0
-0.050756429248365716,0.8004554802544778,0.31118167826555987,-0.6041757169030033,1,1,0,0,0,0,1,0
-0.050756429248365716,1.8594435716122641,1.575304181375515,1.0632774839624937,1,0,1,0,0,0,1,0
-1.4961750058721481,0.16328902330013237,-0.4309399902268517,0.03630299601222067,0,1,0,1,0,0,0,0
0.44958077035217436,-0.06774548996202351,-0.3932049901340172,0.09151667816008481,0,0,1,0,0,0,0,1
-1.1626168728051214,2.331594108421993,0.44954334527261963,0.5166620306986387,0,0,1,0,0,1,0,0
0.00483659292947207,2.369266930674453,1.0910383468508058,0.8479441235858235,1,1,0,0,1,0,1,0
0.00483659292947207,2.2112365367136477,1.4935450145077072,0.8755509646597556,1,1,0,0,1,0,1,0
0.8387319255970388,1.3048270325698004,-0.3994941568161563,-0.1569448915053038,0,0,1,1,0,0,0,1
-0.1063494514262035,1.259967774105436,-0.02843332256995052,1.3393458947018144,0,1,0,0,0,0,1,0
-1.774140116761337,0.20004320750246732,-0.7391091576516666,-0.7422099222726637,0,0,0,0,1,0,0,0
-0.2731285179597169,-0.9682329464214451,-0.9655191582086736,-0.24528678294188644,0,0,1,0,0,0,1,0
-0.3287215401375546,-0.2059565577475437,-0.6762174908302758,-0.05203889542436195,0,1,0,0,0,0,1,0
0.3383947259964988,-0.4129499084152794,0.870917512975938,-0.5103124572516343,1,1,0,1,0,0,0,1
-1.774140116761337,0.9474336562783445,0.7011100125581828,1.2178757939765132,0,0,0,0,0,0,0,0
1.6170342360867678,-0.039934741767640294,0.7199775126046001,0.33445687961068704,0,0,1,1,0,0,0,1
-0.8846517619159325,0.483877632487935,-0.4309399902268517,0.030781627797434256,0,0,1,0,0,1,0,0
0.17161565946298543,0.022655536254105137,-1.5000983261904954,-0.3391500425932555,0,0,1,0,0,0,1,0
0.00483659292947207,-0.5914114373444925,-1.4812308261440783,0.10255941458965764,0,1,0,1,0,0,1,0
-1.3293959393386348,-1.1590326988402235,-0.5944583239624678,-0.946500546219761,1,1,0,1,0,0,0,0
-1.1070238506272836,1.4813394244777436,0.7388450126510173,1.3669527357757465,1,0,1,0,0,0,0,0
0.00483659292947207,-2.036610393068503,0.6948208458760438,-1.0182783330119844,0,1,0,0,0,1,1,0
0.6163598368856877,0.65833426683277,0.7451341793331564,0.9362860150224062,1,0,1,1,0,0,0,1
0.00483659292947207,0.5534551876667413,0.5941941789618185,0.7485594957196681,0,0,1,1,0,0,1,0
-0.21753549578187906,0.9636592383530064,0.44954334527261963,0.3675850888994055,0,0,1,0,0,1,1,0
-0.995837806271608,2.4730747849043686,0.44325417859048055,2.3276708051485824,0,0,1,0,1,0,0,0
0.9499179699527144,0.022655536254105137,1.6193283481504888,0.30685003853675497,1,0,1,0,0,0,0,1
-1.774140116761337,-1.3561895145300933,-0.4623858236375471,-0.8968082322866833,0,0,0,1,0,0,0,0
0.5051737925300122,-0.47731963282531675,1.4054966809577598,-0.7642953951318093,1,1,0,0,0,0,0,1
-1.3849889615164725,0.022655536254105137,0.4558325119547587,0.3399782478254734,1,0,1,0,1,0,0,0
1.283476103019741,0.37220329161487725,0.9967008466187197,-0.44957740688898373,1,1,0,0,0,0,0,1
1.3390691251975788,2.528184763117795,-1.0346999917122035,1.7313630379516498,0,1,0,0,0,0,0,1
1.06110401430839,-1.4781991531229908,0.8960741797044943,-0.7422099222726637,0,0,1,1,0,0,0,1
0.17161565946298543,-1.094401404038058,1.1665083470364748,-0.5655261393994985,1,0,1,0,0,0,1,0
0.8387319255970388,-1.9897584315773367,1.0784600134865276,-0.7532526587022366,0,0,1,0,0,0,0,1
1.3946621473754166,-0.8338846714551129,1.0721708468043887,0.08047394173051198,0,1,0,1,0,0,0,1
0.783138903419201,0.4252268122538117,-0.9214949914337001,-0.00786794970607064,1,1,0,0,0,1,0,1
0.17161565946298543,1.2715506728237942,-0.06616832266278501,1.0632774839624937,0,0,1,0,1,0,1,0
-0.6622796732045814,0.4879886813317792,-0.770554991062362,0.9583714878815518,0,1,0,1,0,0,1,0
-0.1619424736040413,2.1613471518196663,0.7451341793331564,-0.03547479078000271,1,0,1,0,0,0,1,0
0.8387319255970388,0.18362911642337038,-1.1730616587192633,0.3951919299733376,0,0,1,0,0,0,0,1
1.283476103019741,-0.005247572644604115,-0.7328199909695275,0.10255941458965764,0,0,1,0,0,1,0,1
0.17161565946298543,0.6769983221923519,0.6256400123725139,0.9142005421632605,1,0,1,1,0,0,1,0
0.5051737925300122,0.043883047091145745,0.19168751130491732,0.6050039221352213,0,1,0,1,0,0,0,1
-1.2182098949829592,0.5593768545409504,0.6004833456439576,0.8092945460823187,0,0,0,0,0,1,0,0
-0.3843145623153924,-1.586500071622324,-0.3051566565840701,-0.9685860190789066,1,1,0,1,0,0,1,0
-1.3849889615164725,0.1023293674666113,-0.8082899911551965,0.6381321314239398,0,0,1,0,1,0,0,0
-1.1626168728051214,2.1504318709207286,1.2922916806792564,1.5767647279376302,0,0,1,0,0,0,0,0
1.283476103019741,-0.8160757950256192,-0.02843332256995052,0.014217523153075015,0,1,0,0,0,0,0,1
-1.3293959393386348,-0.49321622441203755,-0.4875424903661034,-0.25632951937145926,0,0,1,0,1,0,0,0
0.6163598368856877,-1.2822008628213155,-0.6321933240553023,-0.29497909687496415,0,1,0,0,0,0,0,1
1.6170342360867678,-0.10239734034938427,-0.3428916566769046,-0.12933805043137175,0,1,0,0,1,0,0,1
-0.495500606671068,0.5798661518115995,-1.6510383265618334,-0.626261189762149,0,1,0,1,0,0,1,0
-0.773465717560257,-0.283741251261993,1.0784600134865276,-0.03547479078000271,0,0,1,0,0,0,1,0
-0.050756429248365716,-2.036610393068503,-1.0346999917122035,-0.8250304454944599,0,0,1,0,0,0,1,0
-0.7178726953824192,-0.36794389717694254,1.6570633482433232,0.26820046103325007,1,1,0,0,0,0,1,0
-1.3293959393386348,1.4810568577626253,1.1602191803543358,-0.32810730616368267,1,0,1,1,0,0,0,0
-1.7185470945834993,-2.036610393068503,0.7073991792403219,-0.7642953951318093,1,1,0,0,1,0,0,0
1.2278830808419032,1.3481070693659667,0.7765800127438518,1.0853629568216394,1,1,0,1,0,0,0,1
0.6163598368856877,-0.0037293821710997813,-0.8082899911551965,-0.5213551936812071,0,1,0,1,0,0,0,1
-0.7178726953824192,0.46762277633412336,-0.14792748953059306,0.6050039221352213,0,1,0,0,1,0,1,0
-1.1070238506272836,-0.2526961253622014,1.575304181375515,0.11360215101923046,1,0,1,0,0,0,0,0
-1.7185470945834993,0.7913312967813625,1.6633525149254622,-0.3888423565263332,0,0,0,1,0,0,0,0
0.11602263728514764,-0.45727110303339075,0.3363383449941162,-0.12381668221658533,1,1,0,1,0,0,1,0
-0.1619424736040413,-0.07441639331967045,-0.3114458232662092,-0.5379192983255664,0,0,1,1,0,0,1,0
-0.773465717560257,0.9667420314973576,-0.26113248980909654,1.2896535807687366,0,1,0,0,1,0,1,0
1.6170342360867678,-0.6232252141833962,0.11621751111924834,0.21298677888538592,1,1,0,0,0,0,0,1
-0.9402447840937702,0.6673169147662836,-1.2673991589513494,0.6105252903500077,1,1,0,1,0,0,0,0
1.5058481917310922,-0.137912089828232,-1.1227483252621506,-0.2618508875862457,0,0,1,0,0,1,0,1
0.00483659292947207,-0.920961397542946,0.1979766779870564,-0.17350899614966306,0,0,1,0,1,0,1,0
0.00483659292947207,2.180529795499209,1.3174483474078127,-0.30602183330453697,1,0,1,0,0,0,1,0
1.1166970364862279,-2.036610393068503,-1.4057608259584093,-0.8195090772796735,0,1,0,0,0,0,0,1
-0.5510936288489058,-0.2966214902259376,0.9778333465723024,-0.43301330224462453,0,0,1,1,0,0,1,0
1.3946621473754166,0.022655536254105137,1.3740508475470645,-0.9078509687162561,1,0,1,0,0,1,0,1
1.283476103019741,-0.7159544731968696,-0.9780974915729518,-0.4385346704594109,1,1,0,0,1,0,0,1
-1.1626168728051214,0.5151427626865122,1.3614725141827864,0.2902859338923957,1,1,0,1,0,0,0,0
0.3383947259964988,-0.6203626398717623,-1.5063874928726346,-0.5103124572516343,0,0,0,0,0,0,0,1
0.00483659292947207,0.7262578949732873,0.021880010887162127,0.003174786723502188,1,1,0,1,0,0,1,0
0.6719528590635255,0.8139018330057696,1.6885091816540185,0.43384150747684247,1,0,1,0,1,0,0,1
-0.1063494514262035,0.6966996776127187,-0.8963383247051436,-0.5986543486882169,0,0,0,1,0,0,1,0
-0.21753549578187906,-0.6237409426294166,0.8143150128366863,-0.786380867990955,1,0,1,0,0,0,1,0
-1.3293959393386348,-0.9638768506072968,0.4306758452262024,-0.5710475076142848,0,0,1,1,0,0,0,0
-1.3849889615164725,-2.036610393068503,-1.6887733266546678,-0.8415945501388191,0,0,1,0,1,0,0,0
1.0055109921305523,-0.5150496767718082,1.3300266807720909,-0.8581586547831783,1,0,1,1,0,0,0,1
-1.6629540724056615,0.04451176647384644,1.5124125145541243,-0.013389317920857053,1,0,1,0,1,0,0,0
-0.4399075844932302,-1.072649002715351,-0.7894224911087793,-0.5931329804734305,0,1,0,1,0,0,1,0
1.56144121390893,-0.4825791527267707,-0.5441449905053551,-0.3115432015193234,0,0,1,0,1,0,0,1
1.0055109921305523,1.1246931319014422,-0.7139524909231103,-0.1900731007940223,1,0,1,0,1,0,0,1
1.4502551695532544,-1.2479103663054467,-0.456096656955408,-0.8857654958571104,1,0,1,1,0,0,0,1
-1.7185470945834993,1.1407546144416039,-1.4183391593226875,1.0191065382442024,0,0,0,0,0,0,0,0
1.3946621473754166,0.602911473646905,0.3677841784048116,0.5442688717725708,0,0,1,0,1,0,0,1
-0.050756429248365716,-0.952442833741219,-1.3491583258191575,-0.7422099222726637,0,1,0,0,0,0,1,0
0.2272086816408232,0.8923555138576221,-1.154194158672846,0.30132867032196853,0,1,0,1,0,0,1,0
-0.6622796732045814,1.391163656695497,1.2922916806792564,-0.09620984114265325,0,1,0,0,0,0,1,0
-1.6629540724056615,-0.8476907639492136,-1.3240016590906012,-0.6704321354804403,0,1,0,0,0,0,0,0
1.283476103019741,0.15965772026773778,-1.6133033264689989,0.08047394173051198,0,0,1,0,0,0,0,1
-1.3849889615164725,0.04389007401707861,-0.688795824194554,0.4172774028324832,0,0,1,0,1,0,0,0
-0.21753549578187906,0.9500803210904729,0.34262751167625527,-0.2673722558010321,1,0,1,0,0,0,1,0
-0.4399075844932302,1.4132704186429321,-1.3051341590441838,0.6050039221352213,0,0,1,1,0,0,1,0
0.783138903419201,-0.33536551527294234,0.6633750124653484,0.21298677888538592,1,0,1,0,1,0,0,1
-0.3843145623153924,1.4824385046109634,1.0407250133936932,0.9418073832371926,1,1,0,0,0,0,1,0
0.00483659292947207,0.4803942270376047,-0.0347224892520896,-0.00786794970607064,1,0,1,0,0,1,1,0
-0.2731285179597169,-1.5987954821892112,0.06590417766213569,-0.6759535036952267,0,1,0,0,0,0,1,0
-1.6073610502278237,0.3740263693529642,-1.0346999917122035,-0.5710475076142848,0,1,0,0,0,0,0,0
0.17161565946298543,-2.036610393068503,0.5438808455047058,-0.9796287555084795,0,1,0,1,0,0,1,0
-1.1070238506272836,0.9235440491878837,-1.695062493336807,0.5442688717725708,0,0,0,0,0,0,0,0
0.00483659292947207,-0.30836677181956845,-0.07874665602706317,-0.14590215507573098,0,0,1,0,1,0,1,0
1.6170342360867678,0.022655536254105137,0.4872783453654541,-0.12381668221658533,1,1,0,0,1,0,0,1
1.56144121390893,-0.7040774186045529,0.1287958444835265,-0.6814748719100131,1,0,1,1,0,0,0,1
1.1166970364862279,1.2907441589963935,-0.9340733247979782,0.025260259582647843,0,1,0,0,0,0,0,1
1.0055109921305523,-1.725867671100391,-1.701351660018946,-0.6207398215473626,0,0,1,1,0,0,0,1
0.39398774817433657,0.07847929953127296,1.260845847268561,-0.4771842479629158,1,1,0,1,0,0,0,1
-1.6629540724056615,0.22946343694563887,1.0847491801686668,0.7430381275048816,0,0,1,1,0,0,0,0
1.2278830808419032,-1.4169443755388273,0.6004833456439576,-0.9906714919380523,0,1,0,0,1,0,0,1
0.783138903419201,-0.25949339811842764,0.35520584504053343,0.31237140675154135,1,1,0,1,0,0,0,1
-0.050756429248365716,0.3049313482382241,0.5124350120940104,-0.7311671858430908,1,0,0,1,0,0,1,0
0.8943249477748766,0.7615992709136805,-0.05987915598064593,1.1792262164730083,0,0,0,1,0,0,0,1
0.00483659292947207,1.359635542951838,-0.456096656955408,0.30132867032196853,1,1,0,1,0,0,1,0
0.39398774817433657,0.3392750058378724,-0.9466516581622564,0.6933458135718039,0,0,0,0,0,0,0,1
0.6719528590635255,-1.668029448141307,0.5187241787761495,-0.8692013912127512,0,1,0,0,0,0,0,1
-1.551768028049986,0.8507416497308627,-1.2170858254942367,1.0798415886068529,0,1,0,1,0,0,0,0
-1.273802917160797,-0.5857466943766466,-1.6321708265154162,-0.49374835260727507,0,0,0,0,0,0,0,0
0.11602263728514764,-0.7961354683498827,-0.01585498920567236,-0.018910686135643468,1,1,0,0,0,0,1,0
-0.3843145623153924,0.4127174994481442,0.8457608462473817,0.42279877104726965,0,0,1,1,0,0,1,0
1.1722900586640654,1.6850823286736352,-1.3680258258655746,0.5663543446317164,0,1,0,0,0,0,0,1
-1.6629540724056615,0.549692056155967,0.6507966791010702,0.9473287514519789,0,0,0,0,1,0,0,0
-1.2182098949829592,0.88047806493085,-1.4120499926405483,0.56083297641693,0,0,1,0,1,0,0,0
-1.1626168728051214,-0.14241958207547267,1.3803400142292035,-0.6980389765543724,1,0,1,0,0,0,0,0
-1.3293959393386348,-1.1090849896279593,-1.4938091595083565,-0.6593893990508675,0,0,1,0,0,0,0,0
0.3383947259964988,-0.11547998536832244,-0.8586033246123091,0.5221833989134251,0,1,0,0,1,0,0,1
-1.2182098949829592,0.022655536254105137,1.3992075142756208,1.4111236814940378,0,0,1,0,0,0,0,0
1.0055109921305523,-0.5420110601378831,-0.09132498939134133,-0.00786794970607064,1,0,1,1,0,0,0,1
-0.3287215401375546,0.764389704721653,-0.4875424903661034,-0.10725257757222609,0,0,1,0,0,0,1,0
-0.5510936288489058,0.8036053010807069,0.9212308464330506,-0.32810730616368267,1,0,0,0,0,0,1,0
1.1722900586640654,0.5900597773820249,0.15395251121208284,0.17433720138188102,1,0,0,0,1,0,0,1
-0.5510936288489058,0.24329545104511183,0.05961501097999661,-0.12933805043137175,0,0,1,1,0,0,1,0
-0.2731285179597169,-0.552936938672855,-0.14163832284845398,-0.3170645697341098,0,0,1,1,0,0,1,0
2.7844877018213614,1.0730387331971094,0.009301677522883963,1.2289185304060861,0,0,1,0,0,0,0,1
-1.2182098949829592,-0.6997510643682332,-0.5189883237767988,-0.1514235232905174,0,1,0,0,1,0,0,0
-1.7185470945834993,0.022655536254105137,0.8834958463402162,-0.8581586547831783,1,1,0,1,0,0,0,0
0.5051737925300122,0.1277001117073011,0.4935675120475932,0.29580730210718215,0,1,0,0,1,0,0,1
1.6170342360867678,0.022655536254105137,1.0092791799829979,0.400713298188124,1,0,0,0,1,0,0,1
-0.7178726953824192,-0.5567905538676874,0.13508501116566557,-0.6096970851177897,1,0,1,0,1,0,1,0
1.6170342360867678,0.037596578830770826,-0.7957116577909183,-0.29497909687496415,0,1,0,0,1,0,0,1
1.3946621473754166,0.07977165510588188,0.5124350120940104,0.3399782478254734,1,0,0,1,0,0,0,1
0.56076681470785,-1.2345701418450032,0.8143150128366863,-0.6814748719100131,1,0,1,0,0,1,0,1
-0.21753549578187906,-0.21633447822335639,1.4683883477791508,0.35102098425504624,1,0,0,0,1,0,1,0
1.1166970364862279,1.5950665732232219,0.8268933462009644,1.400080945064465,1,1,0,0,1,0,0,1
0.17161565946298543,-0.11386299498278006,1.6885091816540185,0.025260259582647843,1,1,0,0,0,1,1,0
-1.774140116761337,0.9956813343464581,0.9904116799365806,0.41175603461769683,1,1,0,1,0,0,0,0
-0.7178726953824192,-0.2256338678348968,-0.9026274913872827,0.08047394173051198,0,1,0,0,0,0,1,0
-0.995837806271608,2.5158461977822526,1.1979541804471703,1.1184911661103578,0,1,0,0,0,0,0,0
1.06110401430839,1.4945133901367698,-1.223374992176376,-0.20663720543838154,0,1,0,0,0,0,0,1
-0.7178726953824192,-1.1484990670827921,0.5124350120940104,-0.946500546219761,1,1,0,0,0,0,1,0
-0.050756429248365716,-2.036610393068503,-0.11648165611989765,-0.8802441276423241,0,0,1,0,0,0,1,0
0.8943249477748766,-0.42357569913644777,-0.9843866582550909,-0.23976541472710003,1,0,1,0,0,0,0,1
-0.2731285179597169,-0.8072570062162521,1.6193283481504888,-0.6428252944065083,1,0,1,0,1,0,1,0
-0.3843145623153924,0.22872857590019793,-0.09132498939134133,-0.4274919340298381,0,1,0,0,1,0,1,0
1.3946621473754166,-1.4305350722944463,0.78915834610813,-0.6373039261917218,1,0,1,0,0,0,0,1
1.56144121390893,-0.010878233188362913,0.32376001162983803,0.41175603461769683,0,0,1,0,0,1,0,1
-1.4961750058721481,0.04271540868313859,1.3300266807720909,-0.21767994186795436,1,0,1,0,0,0,0,0
1.1166970364862279,0.30234267044831536,-1.5881466597404426,0.6657389724978718,0,0,1,0,1,0,0,1
0.44958077035217436,-0.06741193060967214,0.13508501116566557,0.2516363563888908,0,1,0,1,0,0,0,1
1.2278830808419032,-1.2855055229578805,0.4998566787297323,-0.7753381315613822,1,1,0,1,0,0,0,1
-0.9402447840937702,0.15999388813010743,0.34262751167625527,0.7099099182161631,0,0,1,0,1,0,0,0
1.06110401430839,-0.8818344409197009,0.47470001200117595,0.030781627797434256,1,1,0,1,0,0,0,1
-0.995837806271608,-0.444614559433085,-1.2862666589977667,-0.7422099222726637,0,0,1,1,0,0,0,0
-0.495500606671068,1.0218854402124256,0.41180834517978515,0.18537993781145384,1,0,1,0,0,0,1,0
0.44958077035217436,0.1294053007074966,1.3614725141827864,-0.07964573649829403,1,1,0,0,1,0,0,1
1.2278830808419032,0.5431996610398402,0.8268933462009644,0.7761663367936001,0,1,0,1,0,0,0,1
-0.3843145623153924,-0.10548356148749345,-0.12905998948417582,0.5056192942690658,0,0,1,0,1,0,1,0
0.6163598368856877,1.9594507342851843,0.4243866785440633,2.029516921550116,0,0,1,1,0,0,0,1
-0.7178726953824192,0.7106547076993727,0.03445834425144029,0.003174786723502188,0,0,0,0,0,0,1,0
-0.6066866510267436,-2.036610393068503,-1.6699058266082507,-0.9685860190789066,0,1,0,1,0,0,1,0
1.2278830808419032,0.08781738452634628,-0.8837599913408655,0.5166620306986387,1,1,0,0,0,0,0,1
0.00483659292947207,0.17566614229520927,0.5879050122796794,-0.2728936240158185,0,0,1,0,0,0,1,0
1.6170342360867678,0.7855292228832825,0.6822425125117656,0.3565423524698327,1,0,0,1,0,0,0,1
1.2278830808419032,-0.09866165756686565,1.631906681514767,-0.32258593794889623,1,1,0,1,0,0,0,1
-1.3293959393386348,-0.8388658664835368,-1.6384599931975552,-0.6704321354804403,0,1,0,0,0,0,0,0
0.2272086816408232,-2.036610393068503,1.5941716814219324,-1.001714228367625,1,0,1,0,0,0,1,0
0.6719528590635255,-0.5162814894018026,1.3174483474078127,0.19642267424102666,0,0,1,1,0,0,0,1
-1.0514308284494458,-0.007449913813849891,-1.2548208255870712,-0.28393636044539133,0,1,0,0,0,0,0,0
0.00483659292947207,0.022655536254105137,-0.3366024899947655,0.21850814710017233,0,0,0,0,0,0,1,0
1.3390691251975788,0.022655536254105137,1.0595925134401105,-0.029953422565216294,1,0,0,0,0,0,0,1
-1.6629540724056615,1.9243804416728991,-0.6510608241017195,1.389038208634892,0,1,0,0,0,0,0,0
0.6719528590635255,0.7338329374564576,0.07219334434427477,-0.16798762793487665,0,1,0,0,0,0,0,1
0.00483659292947207,1.284507957289362,0.04074751093357937,0.01973889136786143,1,1,0,0,0,0,1,0
-0.1063494514262035,-0.38320816352327614,-0.14163832284845398,-0.44405603867419735,0,1,0,0,0,0,1,0
-1.551768028049986,0.6577129104497795,-0.5252774904589379,0.4835338214099202,0,0,1,1,0,0,0,0
0.17161565946298543,0.3549691754663984,0.3048925115834208,-0.18455173257923588,0,0,0,1,0,0,1,0
0.8387319255970388,1.5373368379144179,-0.9780974915729518,-0.45509877510377017,0,1,0,0,1,0,0,1
-1.1070238506272836,0.6777867269226105,-1.6384599931975552,-0.4771842479629158,0,0,1,0,1,0,0,0
-1.1070238506272836,-0.4484402101415255,-0.4875424903661034,0.34549961604025986,0,0,1,0,0,0,0,0
-0.8846517619159325,-0.6043130434383694,-1.6887733266546678,-0.2508081511566729,0,0,1,0,0,0,0,0
-1.551768028049986,2.2921808440799767,-1.3365799924548794,0.7982518096527458,0,0,0,0,0,0,0,0
-0.050756429248365716,-0.4838439562352894,1.248267513904283,-0.43301330224462453,0,1,0,0,1,0,1,0
-0.7178726953824192,-0.5901268046647582,-0.5126991570946597,-0.3391500425932555,0,0,1,0,0,0,1,0
0.00483659292947207,-1.6528701145935838,1.1099058468972232,-0.6152184533325762,1,1,0,0,0,0,1,0
0.2272086816408232,-0.9850873844546175,-0.531566657141077,-0.040996158994789124,0,0,1,1,0,0,1,0
-1.7185470945834993,0.5502833198140584,-0.0347224892520896,1.0191065382442024,0,1,0,0,0,0,0,0
0.17161565946298543,-0.901154419769122,0.6445075124189311,-0.8802441276423241,1,1,0,0,1,0,1,0
-1.4405819836943103,-0.6984918770800144,-1.4434958260512438,-0.7698167633465958,0,0,0,1,0,0,0,0
0.8943249477748766,-0.2828807709842307,-0.531566657141077,0.4504056121212017,0,0,1,0,0,0,0,1
-1.6629540724056615,0.9186259714394013,-0.5944583239624678,-0.002346581491284226,0,1,0,0,0,0,0,0
1.1722900586640654,-0.1322748414521251,-1.6699058266082507,-0.5379192983255664,0,0,0,0,1,0,0,1
-0.5510936288489058,-1.1151771986501289,-1.6510383265618334,-0.6041757169030033,0,1,0,0,0,0,1,0
-0.495500606671068,-0.634707686254169,0.1979766779870564,0.2074654106705995,0,0,1,1,0,0,1,0
1.5058481917310922,-0.16018963445187784,-0.5001208237303816,-0.7146030811987316,0,1,0,1,0,0,0,1
-0.3287215401375546,0.8004325937880042,-0.3617591567233218,0.18537993781145384,0,1,0,0,0,0,1,0
0.11602263728514764,-0.5611364663225658,1.4558100144148725,0.14673036030794895,1,0,1,0,0,0,1,0
-0.3843145623153924,0.03590673326739824,0.9778333465723024,0.26820046103325007,1,0,1,0,1,0,1,0
1.06110401430839,-1.2114750774935494,0.38036251176908975,-0.6152184533325762,0,1,0,0,0,0,0,1
-0.5510936288489058,0.0756329955465429,-0.7013741575588321,-0.4716628797481294,0,0,0,0,0,0,1,0
1.5058481917310922,0.26455948981912425,1.418075014322038,0.15225172852273536,1,0,0,1,0,0,0,1
-1.273802917160797,-1.603232055760415,0.7828691794259909,-0.8029449726353143,0,0,0,0,0,0,0,0
-0.4399075844932302,-0.04958649482694372,1.5124125145541243,-0.4716628797481294,1,1,0,0,0,0,1,0
0.3383947259964988,1.2423861158761278,-0.4246508235447126,1.2730894761243774,0,1,0,0,0,1,0,1
-1.774140116761337,0.18226773537541668,-1.4309174926869657,0.6381321314239398,0,0,1,1,0,0,0,0
-1.4961750058721481,-1.3884634711413573,0.09106084439069201,-0.5268765618959935,0,0,1,0,0,0,0,0
-0.773465717560257,0.692855204703668,-0.7957116577909183,0.4062346664029104,0,1,0,1,0,0,1,0
-0.050756429248365716,1.2635641828388606,0.003012510840744883,0.7375167592900952,0,1,0,1,0,0,1,0
0.3383947259964988,-0.3146569362463042,0.9715441798901633,-0.4771842479629158,1,1,0,0,1,0,0,1
-1.1626168728051214,0.32052847911599297,0.4558325119547587,-0.39436372474111964,0,1,0,1,0,0,0,0
-0.5510936288489058,-0.5007169881374735,-0.5944583239624678,-0.3501927790228283,0,0,0,0,0,0,1,0
1.5058481917310922,0.695263171382185,0.7640016793795736,0.6602176042830854,1,0,1,0,0,0,0,1
0.00483659292947207,-0.26781030465821315,-0.6070366573267459,0.27372182924803645,1,1,0,0,1,0,1,0
-0.495500606671068,-1.1936830391210667,0.48098917868331503,-0.852637286568392,1,1,0,0,0,1,1,0
-0.6622796732045814,0.15841117620735096,-0.009565822523533279,-0.4274919340298381,0,1,0,0,0,1,1,0
1.0055109921305523,-0.08838070023988664,0.8897850130223552,0.21298677888538592,1,0,1,0,0,0,0,1
-1.774140116761337,-0.23398043639317084,-0.5944583239624678,0.14120899209316254,0,0,1,0,0,1,0,0
-1.6629540724056615,-0.4160120424017552,-0.6636391574659977,-0.7698167633465958,1,0,1,0,0,0,0,0
0.8387319255970388,1.5145150627767794,-0.4057833234982954,0.7927304414379593,0,1,0,1,0,0,0,1
1.56144121390893,1.0828538108107497,-1.1290374919442896,0.2902859338923957,0,0,0,0,0,1,0,1
1.5058481917310922,-0.6579529421321658,-1.2548208255870712,-0.48270561617770225,0,1,0,0,1,0,0,1
0.2272086816408232,-0.23759898254108144,0.7073991792403219,0.16881583316709461,0,0,1,1,0,0,1,0
-0.773465717560257,0.09676137098627706,1.5438583479648198,-0.5268765618959935,1,1,0,0,0,1,1,0
1.283476103019741,0.7599856547015641,1.0092791799829979,0.6602176042830854,1,0,1,0,0,0,0,1
0.00483659292947207,-0.3112766688088706,-1.311423325726323,0.3786278253289783,0,1,0,0,0,0,1,0
-0.8290587397380947,-0.2964854299833916,0.03445834425144029,0.16881583316709461,0,0,1,0,1,0,0,0
-0.4399075844932302,-1.2422598666294158,0.3048925115834208,-0.7587740269170229,0,1,0,1,0,0,1,0
1.56144121390893,0.8096716418574997,-0.8397358245658919,-0.5986543486882169,0,1,0,0,0,0,0,1
1.6170342360867678,0.09475210940360956,1.5941716814219324,0.008696154938288602,1,0,0,1,0,0,0,1
-0.6066866510267436,-1.673239038244451,0.38036251176908975,-0.5765688758290712,1,1,0,0,0,0,1,0
-1.3849889615164725,-0.6546065709670184,0.6822425125117656,-0.5213551936812071,1,0,1,0,0,1,0,0
0.783138903419201,1.4725489629209008,0.5816158455975403,1.1902689529025812,0,1,0,1,0,0,0,1
-0.495500606671068,1.0908362333141646,-0.7516874910159448,-0.19559446900880872,0,1,0,1,0,0,1,0
-0.8290587397380947,0.24539020443553639,0.5250133454582886,0.7485594957196681,0,0,0,0,0,0,0,0
-0.995837806271608,0.022655536254105137,-0.3743374900876,-0.14038078686094457,0,0,0,0,0,0,0,0
1.6170342360867678,0.22917554049393377,-0.44980749027326894,-0.6869962401247995,0,1,0,0,0,0,0,1
-0.6622796732045814,1.8204886047924478,0.8394716795652426,0.29580730210718215,1,1,0,0,1,0,1,0
-0.495500606671068,0.022655536254105137,0.44954334527261963,-1.001714228367625,1,1,0,0,0,0,1,0
-0.6066866510267436,-0.8134896688392008,0.26715751149058625,-0.7587740269170229,0,0,1,0,1,0,1,0
0.2272086816408232,-0.041457983444904735,-1.0661458251228988,-0.7422099222726637,1,0,1,0,0,0,1,0
1.5058481917310922,-0.4294990493300183,-1.2485316589049322,-0.40540646117069246,0,0,1,0,1,0,0,1
-0.1063494514262035,1.424213610048227,0.7577125126974346,-0.16798762793487665,0,0,1,0,0,0,1,0
-0.2731285179597169,-0.7636998368313584,-1.5692791596940254,-0.8636800229979648,0,1,0,1,0,0,1,0
0.3383947259964988,0.9187986877212366,0.03445834425144029,1.0246279064589887,0,0,1,0,0,0,0,1
0.2272086816408232,0.08249064435555423,-1.235953325540654,0.5994825539204349,0,0,1,0,1,0,1,0
0.00483659292947207,0.022655536254105137,1.2356891805400048,1.416645049708824,1,0,1,0,1,0,1,0
-0.1063494514262035,0.6945063852258541,-1.003254158301508,-0.14038078686094457,0,0,1,0,0,0,1,0
1.1166970364862279,0.4059247593887546,1.418075014322038,-0.22872267829752718,1,1,0,0,0,1,0,1
0.8943249477748766,0.022655536254105137,-1.0661458251228988,0.9970210653850566,0,1,0,0,1,0,0,1
0.3383947259964988,0.2506498276049077,1.0470141800758324,0.4062346664029104,1,1,0,0,0,0,0,1
0.3383947259964988,-0.9402921717106486,-0.2359758230805402,-0.2618508875862457,0,1,0,0,1,0,0,1
1.1166970364862279,1.6436694867532495,0.04703667761571845,-0.029953422565216294,1,0,1,0,0,0,0,1
-1.3293959393386348,-0.4104241151416926,-0.9529408248443955,-0.4164491976002653,0,0,0,1,0,0,0,0
-1.273802917160797,-0.4199387561830369,1.2671350139507,-0.21215857365316795,0,0,0,1,0,0,0,0
0.11602263728514764,0.6379186777815025,1.5249908479184024,0.9859783289554839,0,0,0,1,0,0,1,0
0.11602263728514764,-1.8202207239560517,-0.0347224892520896,-0.9575432826493339,1,0,1,0,0,0,1,0
-0.2731285179597169,-1.2853744589366236,-0.456096656955408,-0.28393636044539133,0,0,0,1,0,0,1,0
-1.7185470945834993,-0.18111815069933335,0.5627483455511231,-0.5434406665403528,0,1,0,1,0,0,0,0
1.0055109921305523,-0.11535128909137886,0.7325558459688782,-0.17903036436444947,1,0,1,0,0,1,0,1
1.6170342360867678,0.9727062008099413,-0.3932049901340172,0.7596022321492409,0,0,1,1,0,0,0,1
0.282801703818661,-1.6905758965223112,0.9967008466187197,-0.8250304454944599,1,0,1,0,0,0,1,0
-0.773465717560257,-0.15836095128455113,-1.3051341590441838,0.052867100656579916,0,0,1,0,0,1,1,0
0.8387319255970388,-1.1679832138993649,0.952676679843746,-0.29497909687496415,1,0,1,0,1,0,0,1
1.1722900586640654,-1.6539712989882631,-0.9529408248443955,-0.9409791780049745,0,0,1,1,0,0,0,1
0.783138903419201,-2.036610393068503,1.6193283481504888,-0.8692013912127512,1,1,0,0,1,0,0,1
-0.1619424736040413,-0.10473062705097513,1.0784600134865276,-0.07964573649829403,1,1,0,0,1,0,1,0
-0.2731285179597169,-0.347585669157458,0.9589658465258851,-0.14590215507573098,1,1,0,0,0,0,1,0
-1.0514308284494458,0.3315314318600148,-1.6573274932439725,0.6381321314239398,0,1,0,0,0,0,0,0
-0.6066866510267436,-0.9808413879464016,-0.2045299896698448,-0.46062014331855655,0,0,1,0,0,0,1,0
-1.7185470945834993,-2.036610393068503,1.575304181375515,-0.9078509687162561,1,0,1,1,0,0,0,0
-0.2731285179597169,0.20979480571557035,-1.4938091595083565,-0.1900731007940223,0,0,1,0,0,0,1,0
1.3946621473754166,0.9663255689999907,-0.6259041573731632,0.8700295964449691,0,0,1,0,1,0,0,1
0.282801703818661,1.3129153491914352,0.9652550132080242,0.588439817490862,1,0,1,1,0,0,1,0
1.1166970364862279,-0.33465979335288126,-1.1038808252157333,-0.3501927790228283,0,0,1,1,0,0,0,1
0.3383947259964988,0.24758161972051232,-0.456096656955408,-0.6096970851177897,0,1,0,0,0,0,0,1
-0.4399075844932302,0.022655536254105137,0.29231417821914263,-0.4274919340298381,0,1,0,0,0,1,1,0
-0.8290587397380947,0.3617372566489141,1.644485014879045,0.19090130602624025,0,0,0,0,0,0,0,0
0.6719528590635255,0.8988638601550173,-0.3114458232662092,-0.2728936240158185,1,0,0,1,0,0,0,1
1.4502551695532544,-1.7205301363558803,-0.9089166580694218,-1.012756964797198,0,1,0,1,0,0,0,1
-0.3287215401375546,1.6832733396046884,1.4620991810970116,1.267568107909591,1,0,0,0,1,0,1,0
-0.9402447840937702,0.17961250997412143,0.07848251102641385,-0.7698167633465958,0,1,0,0,0,0,0,0
0.282801703818661,-0.7550444031344233,0.8143150128366863,-0.21215857365316795,1,0,1,1,0,0,1,0
-1.4405819836943103,-0.8678873072020946,-0.32402415663048734,-0.33362867437846905,0,0,0,1,0,0,0,0
-0.21753549578187906,-1.543407287845798,0.9400983464794679,-0.7366885540578773,1,0,0,0,0,0,1,0
-0.3843145623153924,0.8420691277163637,0.07219334434427477,-0.08516710471308044,1,0,1,0,0,0,1,0
-1.4961750058721481,-1.0459458171014966,0.5941941789618185,-0.9023296005014697,1,0,0,0,0,1,0,0
-1.3293959393386348,0.4410306056969765,0.1979766779870564,-0.02443205435042988,0,0,0,0,0,0,0,0
-0.4399075844932302,0.2732214872171424,0.2545791781263081,-0.6096970851177897,0,1,0,1,0,0,1,0
1.3946621473754166,0.12614726580524244,-1.2296641588585149,0.0473457324417935,0,0,0,1,0,0,0,1
-1.7185470945834993,-2.036610393068503,-1.3617366591834357,-0.8857654958571104,0,0,1,1,0,0,0,0
-1.4405819836943103,0.30198169420086024,1.6004608481040714,0.6546962360682991,0,1,0,0,0,0,0,0
-1.1626168728051214,-0.016070438999606945,-0.5944583239624678,0.4172774028324832,0,1,0,0,0,1,0,0
1.3390691251975788,0.3618517210752176,-0.34918082335904366,-0.36675688366718756,0,1,0,0,0,1,0,1
1.1722900586640654,1.1934520945728448,-1.2296641588585149,0.588439817490862,0,0,1,1,0,0,0,1
1.06110401430839,-1.0511374701818135,0.04074751093357937,-0.7256458176283045,1,0,1,0,1,0,0,1
1.5058481917310922,1.2650769226430825,0.5690375122332622,0.01973889136786143,1,0,0,0,1,0,0,1
-0.050756429248365716,-1.358459705111751,-1.0284108250300643,-0.7311671858430908,0,0,0,1,0,0,1,0
-0.1619424736040413,-0.03187379156153807,1.6759308482897404,-0.002346581491284226,1,0,1,0,1,0,1,0
-1.6629540724056615,2.244944366092593,0.5501700121868449,0.4835338214099202,0,0,1,1,0,0,0,0
-0.495500606671068,-1.2333656270320945,-0.5818799905981896,-0.4164491976002653,1,1,0,0,0,0,1,0
0.8943249477748766,-1.5795126059931142,1.5438583479648198,-0.5655261393994985,0,0,0,1,0,0,0,1
0.39398774817433657,-1.1845006920361698,0.5313025121404277,-0.4164491976002653,1,0,1,0,0,0,0,1
1.3946621473754166,0.9610792508138439,0.27973584485486447,0.5497902399873572,1,0,1,0,1,0,0,1
-1.1626168728051214,1.0151080786254756,-1.1227483252621506,1.1019270614659986,1,1,0,0,0,0,0,0
1.0055109921305523,-0.41166600319629665,-0.6259041573731632,-0.25632951937145926,0,1,0,0,0,0,0,1
-0.9402447840937702,-0.6093791889153182,0.8394716795652426,0.17433720138188102,0,0,1,0,1,0,0,0
0.11602263728514764,1.3702406160605622,-0.22339748971626203,1.201311689332154,0,1,0,0,0,0,1,0
-1.2182098949829592,-0.4207981786433304,1.575304181375515,-0.7035603447691587,1,1,0,0,0,0,0,0
0.11602263728514764,1.2149109043829218,0.19168751130491732,1.0577561157477073,1,1,0,1,0,0,1,0
-1.1626168728051214,-0.6375882859634615,0.24829001144416904,0.03630299601222067,0,0,0,1,0,0,0,0
-0.2731285179597169,0.5724883537000228,0.870917512975938,0.030781627797434256,0,0,1,0,1,0,1,0
0.11602263728514764,-0.2013715039478384,0.23571167807989088,-0.018910686135643468,0,1,0,1,0,0,1,0
-1.3293959393386348,1.3908749013207387,0.5816158455975403,0.7430381275048816,1,1,0,0,1,0,0,0
0.17161565946298543,0.8875326601782567,1.0658816801222495,0.46144834855077455,1,1,0,0,0,1,1,0
-1.273802917160797,1.572407472270584,-1.5567008263297473,0.5166620306986387,0,0,0,0,1,0,0,0
0.8943249477748766,1.380556980780974,-0.764265824380223,1.493944204715834,0,0,0,1,0,0,0,1
0.060429615107309854,0.5068009325119025,1.172797513718614,0.5387475035577843,1,1,0,0,0,0,1,0
0.11602263728514764,0.1226395871723468,0.9400983464794679,-0.1514235232905174,1,0,1,0,0,0,1,0
-1.4405819836943103,-0.7352367051378838,1.3677616808649253,-0.8692013912127512,0,0,1,0,0,0,0,0
-0.8846517619159325,1.1025052846551222,-1.4686524927798001,0.6215680267795806,0,1,0,0,0,0,0,0
0.060429615107309854,0.9371119774101667,0.9652550132080242,0.19090130602624025,1,1,0,0,1,0,1,0
0.00483659292947207,-0.13246201402122643,-0.9655191582086736,-0.2784149922306049,0,0,1,0,0,1,1,0
-0.6066866510267436,0.4955103005482022,-1.2548208255870712,0.6767817089274447,0,1,0,0,0,0,1,0
-0.4399075844932302,0.5672267850583703,0.12250667780138742,-0.1900731007940223,1,0,1,0,1,0,1,0
-0.495500606671068,-1.5241265604930272,-0.6762174908302758,-0.8360731819240327,0,0,1,0,0,0,1,0
-1.6073610502278237,0.5775639586558027,1.1539300136721966,-0.5544834029699256,0,1,0,1,0,0,0,0
0.11602263728514764,-1.749430655199269,1.172797513718614,-0.8029449726353143,0,0,1,0,0,0,1,0
-0.8846517619159325,0.9175584958808068,1.3740508475470645,-0.44957740688898373,1,1,0,0,0,0,0,0
-0.1063494514262035,0.5580653457660417,-0.6636391574659977,0.682303077142231,0,0,0,0,1,0,1,0
0.5051737925300122,0.40082006764767936,1.5815933480576543,0.33445687961068704,1,1,0,1,0,0,0,1
0.00483659292947207,-1.0418288604552732,0.8897850130223552,-0.399885092955906,1,1,0,0,1,0,1,0
-1.0514308284494458,0.43265074788658847,-0.05987915598064593,0.5994825539204349,0,0,0,1,0,0,0,0
-1.6629540724056615,-0.13915769281855359,0.8457608462473817,-0.3557141472376147,1,0,1,1,0,0,0,0
1.1166970364862279,-0.0021547641830960505,0.6130616790082357,0.6491748678535126,1,0,1,0,0,0,0,1
0.11602263728514764,1.8919427789711107,0.9715441798901633,0.3565423524698327,1,1,0,0,0,0,1,0
0.00483659292947207,-0.1956477735612362,-1.5567008263297473,-0.09068847292786684,0,0,1,0,0,0,1,0
1.5058481917310922,-1.4111022255500714,1.5061233478719853,-0.6869962401247995,1,0,1,0,0,0,0,1
1.6170342360867678,0.38988446498012125,0.29231417821914263,0.030781627797434256,0,1,0,0,0,1,0,1
-0.7178726953824192,-0.7501857893511855,0.38665167845122883,-0.7698167633465958,1,0,1,0,0,0,1,0
-0.5510936288489058,-2.036610393068503,0.04703667761571845,-0.9796287555084795,0,1,0,0,0,0,1,0
1.3946621473754166,0.8456479367811738,1.1539300136721966,0.9086791739484741,0,1,0,0,0,0,0,1
0.6719528590635255,-0.5183314851653835,0.6130616790082357,0.014217523153075015,0,1,0,1,0,0,0,1
0.8943249477748766,0.6096321078864949,0.2608683448084472,-0.17350899614966306,0,1,0,1,0,0,0,1
0.9499179699527144,0.0036040210448611506,0.4872783453654541,0.5277047671282115,1,1,0,0,0,0,0,1
-0.2731285179597169,-0.7973880535266941,-0.3428916566769046,-0.29497909687496415,1,1,0,1,0,0,1,0
-0.6066866510267436,0.6868753085418865,-0.17937332294128847,-0.30602183330453697,0,0,0,0,0,0,1,0
1.06110401430839,1.2022169578851232,-0.02214415588781144,0.47249108498034736,1,0,1,0,1,0,0,1
1.5058481917310922,0.8921374813424792,-0.6259041573731632,-0.14590215507573098,1,0,1,1,0,0,0,1
-0.995837806271608,0.975281606040287,-1.6573274932439725,-0.6207398215473626,0,1,0,1,0,0,0,0
-0.3843145623153924,-0.48578101233342813,-0.3428916566769046,0.26820046103325007,1,1,0,1,0,0,1,0
-1.4961750058721481,0.7185267370269777,-0.4057833234982954,0.15225172852273536,0,0,1,0,0,0,0,0
-0.2731285179597169,-0.7130608201477782,0.631929179054653,-0.8250304454944599,1,1,0,0,0,0,1,0
1.6170342360867678,0.1373217217955914,-1.4686524927798001,0.25715772460367725,0,0,1,0,0,0,0,1
1.2278830808419032,-2.036610393068503,-0.35546999004118274,-0.7808594997761685,0,1,0,0,0,0,0,1
0.8387319255970388,1.0578913580517366,-0.38062665676973906,0.06943120530093916,1,0,1,0,0,1,0,1
0.00483659292947207,-0.09496120550733433,0.11621751111924834,-0.6428252944065083,1,0,1,0,0,0,1,0
1.6170342360867678,0.38788577410065517,-1.4183391593226875,0.7430381275048816,0,1,0,1,0,0,0,1
1.3390691251975788,-0.6587029522437476,-1.311423325726323,-0.41092782938547884,0,1,0,0,0,0,0,1
0.783138903419201,-0.18178331705483167,1.4558100144148725,-0.34467141080804187,1,1,0,0,0,0,0,1
-0.6066866510267436,0.11247890199996603,1.6633525149254622,-0.6704321354804403,1,1,0,0,1,0,1,0
-0.773465717560257,-0.15288872285843214,-0.4372291569089908,-0.46062014331855655,0,0,1,1,0,0,1,0
1.5058481917310922,0.5443573171804763,-1.1227483252621506,-0.4164491976002653,0,0,1,1,0,0,0,1
1.5058481917310922,-0.38329782128110484,-0.298867489901931,-0.4164491976002653,0,0,1,0,0,0,0,1
-1.551768028049986,0.21517098960410377,0.7073991792403219,-0.720124449413518,0,0,1,1,0,0,0,0
-0.5510936288489058,2.4711493636419952,0.9589658465258851,2.2338075454972133,0,0,1,0,1,0,1,0
0.282801703818661,0.21001474411714574,-1.1227483252621506,-0.08516710471308044,0,0,1,0,1,0,1,0
0.783138903419201,-0.4338890047018225,-1.0661458251228988,0.13016625566358972,0,0,1,0,1,0,0,1
1.56144121390893,0.7474539645232493,-0.1353491561663149,-0.4385346704594109,1,0,0,0,0,0,0,1
1.3946621473754166,1.5232214416529275,-1.0913024918514551,-0.5544834029699256,1,1,0,1,0,0,0,1
1.3946621473754166,0.4726469146190104,1.3992075142756208,-0.013389317920857053,1,0,0,0,1,0,0,1
-1.551768028049986,-2.036610393068503,0.2294225113977518,-0.9520219144345474,1,0,1,1,0,0,0,0
0.2272086816408232,-0.05042712478807156,0.9023633463866334,-0.08516710471308044,1,0,1,1,0,0,1,0
-1.4405819836943103,-0.8660841728020151,0.5753266789154012,0.01973889136786143,0,0,1,0,1,0,0,0
-0.4399075844932302,-0.947489254615804,1.0533033467579713,-0.2673722558010321,1,0,1,0,0,0,1,0
0.6163598368856877,-1.4707216345747338,-0.5064099904125207,-0.46062014331855655,0,0,1,0,0,0,0,1
-1.2182098949829592,-0.624295757553824,-1.6321708265154162,-0.7477312904874501,0,0,1,1,0,0,0,0
2.7844877018213614,-0.7327956584986965,-0.31773498994834826,-0.34467141080804187,0,0,0,1,0,0,0,1
-1.3293959393386348,-0.2069542199370074,1.5941716814219324,-0.029953422565216294,1,1,0,0,1,0,0,0
0.8943249477748766,0.6158222583184354,-0.6825066575124149,-0.6373039261917218,0,1,0,0,0,0,0,1
0.3383947259964988,0.11526339955348941,-1.4812308261440783,-0.5379192983255664,1,1,0,0,0,0,0,1
-0.1619424736040413,-1.5164590428007754,0.4684108453190369,-0.9133723369310425,0,0,1,0,0,0,1,0
0.6719528590635255,1.9865613368360937,-0.9152058247515609,1.814183561173446,0,0,1,0,1,0,0,1
-1.6073610502278237,0.10000769987220225,-1.2611099922692104,0.6050039221352213,0,1,0,1,0,0,0,0
1.06110401430839,0.4139025703364712,-1.0284108250300643,0.6712603407126583,0,1,0,1,0,0,0,1
-1.4961750058721481,0.33020850304753063,-0.298867489901931,0.09703804637487122,0,1,0,1,0,0,0,0
0.2272086816408232,-0.564714271764059,1.097327513532945,-0.4716628797481294,1,1,0,1,0,0,1,0
-0.9402447840937702,-0.2863160990087542,0.44325417859048055,-0.16798762793487665,0,1,0,0,1,0,0,0
-1.4961750058721481,-1.263276894699637,0.2608683448084472,-0.4164491976002653,0,0,1,0,0,1,0,0
0.8387319255970388,-0.0840461982607276,1.631906681514767,0.30685003853675497,1,0,1,0,0,0,0,1
0.8943249477748766,0.06306636417365794,-0.11019248943775857,-0.5379192983255664,0,0,1,0,1,0,0,1
0.5051737925300122,0.9516926926489455,-0.31773498994834826,0.8369013871562507,0,0,0,1,0,0,0,1
-1.6629540724056615,-0.1451529926150281,0.8583391796116598,0.32341414318111417,0,0,0,0,0,0,0,0
-0.6622796732045814,-0.9353089831193617,0.9715441798901633,-0.18455173257923588,1,0,0,0,0,1,1,0
-0.5510936288489058,-1.0015479551116364,-0.5567233238696333,-0.4164491976002653,0,1,0,0,0,1,1,0
0.7275458812413632,0.5582181990055066,-0.09132498939134133,0.014217523153075015,1,1,0,0,0,0,0,1
0.00483659292947207,1.1247045708512753,-1.6133033264689989,-0.02443205435042988,0,0,1,0,0,0,1,0
-1.6073610502278237,0.3958458222017536,-1.2799774923156275,0.13016625566358972,0,1,0,0,1,0,0,0
0.00483659292947207,1.0691843325523536,-0.44980749027326894,0.30132867032196853,0,0,1,1,0,0,1,0
-0.4399075844932302,-0.297505132167479,0.12250667780138742,-0.5489620347551392,1,1,0,0,0,0,1,0
1.2278830808419032,-1.1563519374628013,1.3992075142756208,-0.33362867437846905,1,1,0,0,0,0,0,1
-0.2731285179597169,0.3479458396528722,-0.7894224911087793,-0.22872267829752718,0,1,0,0,1,0,1,0
0.060429615107309854,-0.3061006187737706,-1.0221216583479253,0.2074654106705995,0,1,0,0,0,0,1,0
0.17161565946298543,0.022655536254105137,-0.9152058247515609,-0.48270561617770225,0,0,1,0,0,0,1,0
1.3390691251975788,-0.7369848319281005,-1.147904991990707,-0.2784149922306049,0,1,0,0,0,1,0,1
0.11602263728514764,-0.023355771988379615,1.556436681329098,-0.44405603867419735,1,1,0,0,0,0,1,0
-0.4399075844932302,1.1870747897389182,-1.619592493151138,0.7982518096527458,0,1,0,0,0,0,1,0
0.783138903419201,0.5135084452860371,1.1350625136257795,0.8921150693041148,1,1,0,0,0,0,0,1
